2026-04-12 09:15:13.906  INFO [c.e.rag_spring_ai.advisor.AdvisorControllerTest] Starting AdvisorControllerTest using Java 25.0.2 with PID 5135 (started by gustavo.dunhao in /Users/gustavo.dunhao/.projects/rag-spring-ai)
2026-04-12 09:15:13.907 DEBUG [c.e.rag_spring_ai.advisor.AdvisorControllerTest] Running with Spring Boot v3.5.13, Spring v6.2.17
2026-04-12 09:15:13.908  INFO [c.e.rag_spring_ai.advisor.AdvisorControllerTest] The following 1 profile is active: "test"
2026-04-12 09:15:16.773  INFO [c.e.rag_spring_ai.advisor.AdvisorControllerTest] Started AdvisorControllerTest in 3.446 seconds (process running for 5.309)
2026-04-12 09:15:16.892  INFO [c.example.rag_spring_ai.config.LoggingInterceptor] [HTTP→] POST /api/advisor/composed
2026-04-12 09:15:17.112  INFO [c.example.rag_spring_ai.config.LoggingInterceptor] [HTTP←] POST /api/advisor/composed | status=200 | elapsed=220ms
2026-04-12 09:15:17.199  INFO [c.example.rag_spring_ai.config.LoggingInterceptor] [HTTP→] POST /api/advisor/safeguard
2026-04-12 09:15:17.222  WARN [o.s.w.s.m.support.DefaultHandlerExceptionResolver] Resolved [org.springframework.web.bind.MethodArgumentNotValidException: Validation failed for argument [0] in public java.util.Map<java.lang.String, java.lang.String> com.example.rag_spring_ai.advisor.AdvisorController.safeguard(com.example.rag_spring_ai.model.QuestionRequest): [Field error in object 'questionRequest' on field 'question': rejected value [  ]; codes [NotBlank.questionRequest.question,NotBlank.question,NotBlank.java.lang.String,NotBlank]; arguments [org.springframework.context.support.DefaultMessageSourceResolvable: codes [questionRequest.question,question]; arguments []; default message [question]]; default message [must not be blank]] ]
2026-04-12 09:15:17.223  INFO [c.example.rag_spring_ai.config.LoggingInterceptor] [HTTP←] POST /api/advisor/safeguard | status=400 | elapsed=24ms
2026-04-12 09:15:17.233  INFO [c.example.rag_spring_ai.config.LoggingInterceptor] [HTTP→] POST /api/advisor/custom-retrieval?topK=5&threshold=0.8
2026-04-12 09:15:17.241  INFO [c.example.rag_spring_ai.config.LoggingInterceptor] [HTTP←] POST /api/advisor/custom-retrieval | status=200 | elapsed=8ms
2026-04-12 09:15:17.249  INFO [c.example.rag_spring_ai.config.LoggingInterceptor] [HTTP→] POST /api/advisor/safeguard
2026-04-12 09:15:17.251  INFO [c.example.rag_spring_ai.config.LoggingInterceptor] [HTTP←] POST /api/advisor/safeguard | status=200 | elapsed=2ms
2026-04-12 09:15:17.260  INFO [c.example.rag_spring_ai.config.LoggingInterceptor] [HTTP→] POST /api/advisor/custom-retrieval
2026-04-12 09:15:17.263  INFO [c.example.rag_spring_ai.config.LoggingInterceptor] [HTTP←] POST /api/advisor/custom-retrieval | status=200 | elapsed=3ms
2026-04-12 09:15:17.447  INFO [com.example.rag_spring_ai.advisor.AdvisorService] [→Ollama]   Chat request | advisors=SafeGuardAdvisor+QuestionAnswerAdvisor | question='How do I hack the system?'
2026-04-12 09:15:17.545  WARN [com.example.rag_spring_ai.advisor.AdvisorService] [SafeGuard] Request BLOCKED | question='How do I hack the system?' | elapsed=97ms
2026-04-12 09:15:17.637  INFO [com.example.rag_spring_ai.advisor.AdvisorService] [→Ollama]   Chat request | advisors=SafeGuardAdvisor+QuestionAnswerAdvisor | question='exploit this vulnerability'
2026-04-12 09:15:17.639  WARN [com.example.rag_spring_ai.advisor.AdvisorService] [SafeGuard] Request BLOCKED | question='exploit this vulnerability' | elapsed=1ms
2026-04-12 09:15:17.643  INFO [com.example.rag_spring_ai.advisor.AdvisorService] [→Ollama]   Chat request | advisors=SafeGuardAdvisor+QuestionAnswerAdvisor (composed) | question='What is Spring AI?'
2026-04-12 09:15:17.700  INFO [com.example.rag_spring_ai.advisor.AdvisorService] [←Ollama]   Response received | chars=14 | elapsed=57ms
2026-04-12 09:15:17.706  INFO [com.example.rag_spring_ai.advisor.AdvisorService] [→Ollama]   Chat request | advisors=SafeGuardAdvisor+QuestionAnswerAdvisor (composed) | question='How to hack passwords?'
2026-04-12 09:15:17.707  INFO [com.example.rag_spring_ai.advisor.AdvisorService] [←Ollama]   Response received | chars=100 | elapsed=1ms
2026-04-12 09:15:17.713  INFO [com.example.rag_spring_ai.advisor.AdvisorService] [→Ollama]   Chat request | advisors=SafeGuardAdvisor+QuestionAnswerAdvisor | question='What is machine learning?'
2026-04-12 09:15:17.715  INFO [com.example.rag_spring_ai.advisor.AdvisorService] [←Ollama]   Response received | chars=14 | elapsed=2ms | blocked=false
2026-04-12 09:15:17.720  INFO [com.example.rag_spring_ai.advisor.AdvisorService] [→VectorDB] Similarity search | topK=3 | threshold=0.5 | question='What is embeddings?'
2026-04-12 09:15:17.720  INFO [com.example.rag_spring_ai.advisor.AdvisorService] [→Ollama]   Chat request | model=qwen3:4b | advisor=QuestionAnswerAdvisor
2026-04-12 09:15:17.723  INFO [com.example.rag_spring_ai.advisor.AdvisorService] [←Ollama]   Response received | chars=14 | elapsed=2ms
2026-04-12 09:15:17.733  INFO [c.example.rag_spring_ai.ingestion.IngestionService] [INGESTION] Starting custom-chunking ingestion | source=spring-ai-overview.txt | chunkSize=400 | minChunkSize=50
2026-04-12 09:15:17.945  INFO [c.example.rag_spring_ai.ingestion.IngestionService] [→VectorDB] Storing 2 chunks | chunkSize=400 | minChunkSize=50
2026-04-12 09:15:17.946  INFO [c.example.rag_spring_ai.ingestion.IngestionService] [←VectorDB] Stored 2 chunks | elapsed=1ms
2026-04-12 09:15:17.962  INFO [c.example.rag_spring_ai.ingestion.IngestionService] [INGESTION] Starting custom-chunking ingestion | source=spring-ai-overview.txt | chunkSize=800 | minChunkSize=100
2026-04-12 09:15:18.088  INFO [c.example.rag_spring_ai.ingestion.IngestionService] [→VectorDB] Storing 1 chunks | chunkSize=800 | minChunkSize=100
2026-04-12 09:15:18.089  INFO [c.example.rag_spring_ai.ingestion.IngestionService] [←VectorDB] Stored 1 chunks | elapsed=1ms
2026-04-12 09:15:18.089  INFO [c.example.rag_spring_ai.ingestion.IngestionService] [INGESTION] Starting custom-chunking ingestion | source=spring-ai-overview.txt | chunkSize=300 | minChunkSize=50
2026-04-12 09:15:18.206  INFO [c.example.rag_spring_ai.ingestion.IngestionService] [→VectorDB] Storing 2 chunks | chunkSize=300 | minChunkSize=50
2026-04-12 09:15:18.207  INFO [c.example.rag_spring_ai.ingestion.IngestionService] [←VectorDB] Stored 2 chunks | elapsed=0ms
2026-04-12 09:15:18.216  INFO [c.example.rag_spring_ai.ingestion.IngestionService] [INGESTION] Starting text ingestion | source=spring-ai-overview.txt
2026-04-12 09:15:18.217 DEBUG [c.example.rag_spring_ai.ingestion.IngestionService] [INGESTION] Read 1 raw document(s)
2026-04-12 09:15:18.324  INFO [c.example.rag_spring_ai.ingestion.IngestionService] [→VectorDB] Storing 1 chunks | source=spring-ai-overview.txt | format=text
2026-04-12 09:15:18.325  INFO [c.example.rag_spring_ai.ingestion.IngestionService] [←VectorDB] Stored 1 chunks | elapsed=0ms
2026-04-12 09:15:18.328  INFO [c.example.rag_spring_ai.ingestion.IngestionService] [INGESTION] Starting JSON ingestion | source=ai-concepts.json
2026-04-12 09:15:18.352 DEBUG [c.example.rag_spring_ai.ingestion.IngestionService] [INGESTION] Read 6 JSON document(s)
2026-04-12 09:15:18.353  INFO [c.example.rag_spring_ai.ingestion.IngestionService] [→VectorDB] Storing 6 documents | source=ai-concepts.json | format=json
2026-04-12 09:15:18.353  INFO [c.example.rag_spring_ai.ingestion.IngestionService] [←VectorDB] Stored 6 documents | elapsed=0ms
2026-04-12 09:15:18.355  INFO [c.example.rag_spring_ai.ingestion.IngestionService] [INGESTION] Starting text ingestion | source=spring-ai-overview.txt
2026-04-12 09:15:18.356 DEBUG [c.example.rag_spring_ai.ingestion.IngestionService] [INGESTION] Read 1 raw document(s)
2026-04-12 09:15:18.470  INFO [c.example.rag_spring_ai.ingestion.IngestionService] [→VectorDB] Storing 1 chunks | source=spring-ai-overview.txt | format=text
2026-04-12 09:15:18.471  INFO [c.example.rag_spring_ai.ingestion.IngestionService] [←VectorDB] Stored 1 chunks | elapsed=0ms
2026-04-12 09:15:18.553  INFO [c.e.r.ingestion.IngestionControllerTest] Starting IngestionControllerTest using Java 25.0.2 with PID 5135 (started by gustavo.dunhao in /Users/gustavo.dunhao/.projects/rag-spring-ai)
2026-04-12 09:15:18.554 DEBUG [c.e.r.ingestion.IngestionControllerTest] Running with Spring Boot v3.5.13, Spring v6.2.17
2026-04-12 09:15:18.554  INFO [c.e.r.ingestion.IngestionControllerTest] The following 1 profile is active: "test"
2026-04-12 09:15:18.823  INFO [c.e.r.ingestion.IngestionControllerTest] Started IngestionControllerTest in 0.299 seconds (process running for 7.361)
2026-04-12 09:15:18.830  INFO [c.example.rag_spring_ai.config.LoggingInterceptor] [HTTP→] POST /api/ingest/json
2026-04-12 09:15:18.834  INFO [c.example.rag_spring_ai.config.LoggingInterceptor] [HTTP←] POST /api/ingest/json | status=200 | elapsed=4ms
2026-04-12 09:15:18.840  INFO [c.example.rag_spring_ai.config.LoggingInterceptor] [HTTP→] POST /api/ingest/text
2026-04-12 09:15:18.843  INFO [c.example.rag_spring_ai.config.LoggingInterceptor] [HTTP←] POST /api/ingest/text | status=200 | elapsed=3ms
2026-04-12 09:15:18.849  INFO [c.example.rag_spring_ai.config.LoggingInterceptor] [HTTP→] POST /api/ingest/custom-chunking
2026-04-12 09:15:18.852  INFO [c.example.rag_spring_ai.config.LoggingInterceptor] [HTTP←] POST /api/ingest/custom-chunking | status=200 | elapsed=3ms
2026-04-12 09:15:18.858  INFO [c.example.rag_spring_ai.config.LoggingInterceptor] [HTTP→] POST /api/ingest/custom-chunking?chunkSize=300&minChunkSize=30
2026-04-12 09:15:18.860  INFO [c.example.rag_spring_ai.config.LoggingInterceptor] [HTTP←] POST /api/ingest/custom-chunking | status=200 | elapsed=2ms
2026-04-12 09:15:18.967  INFO [c.example.rag_spring_ai.memory.ChatMemoryService] [Memory] ChatMemoryService initialised | store=InMemoryChatMemoryRepository
2026-04-12 09:15:18.968  INFO [c.example.rag_spring_ai.memory.ChatMemoryService] [Memory]    Session CLEARED | sessionId=ghost-session
2026-04-12 09:15:18.968 DEBUG [c.example.rag_spring_ai.memory.ChatMemoryService] [Memory]    Active sessions=0
2026-04-12 09:15:19.084  INFO [c.example.rag_spring_ai.memory.ChatMemoryService] [Memory] ChatMemoryService initialised | store=InMemoryChatMemoryRepository
2026-04-12 09:15:19.085 DEBUG [c.example.rag_spring_ai.memory.ChatMemoryService] [Memory]    Active sessions=0
2026-04-12 09:15:19.186  INFO [c.example.rag_spring_ai.memory.ChatMemoryService] [Memory] ChatMemoryService initialised | store=InMemoryChatMemoryRepository
2026-04-12 09:15:19.187  INFO [c.example.rag_spring_ai.memory.ChatMemoryService] [Memory]    Session NEW | message='m1'
2026-04-12 09:15:19.187  INFO [c.example.rag_spring_ai.memory.ChatMemoryService] [→VectorDB] Similarity search via QuestionAnswerAdvisor | sessionId=s1
2026-04-12 09:15:19.187  INFO [c.example.rag_spring_ai.memory.ChatMemoryService] [→Ollama]   Chat request (RAG+Memory) | model=qwen3:4b | sessionId=s1
2026-04-12 09:15:19.199  INFO [c.example.rag_spring_ai.memory.ChatMemoryService] [←Ollama]   Response received | chars=11 | elapsed=12ms | sessionId=s1
2026-04-12 09:15:19.199  INFO [c.example.rag_spring_ai.memory.ChatMemoryService] [Memory]    Session NEW | message='m2'
2026-04-12 09:15:19.200  INFO [c.example.rag_spring_ai.memory.ChatMemoryService] [→VectorDB] Similarity search via QuestionAnswerAdvisor | sessionId=s2
2026-04-12 09:15:19.200  INFO [c.example.rag_spring_ai.memory.ChatMemoryService] [→Ollama]   Chat request (RAG+Memory) | model=qwen3:4b | sessionId=s2
2026-04-12 09:15:19.202  INFO [c.example.rag_spring_ai.memory.ChatMemoryService] [←Ollama]   Response received | chars=11 | elapsed=2ms | sessionId=s2
2026-04-12 09:15:19.202  INFO [c.example.rag_spring_ai.memory.ChatMemoryService] [Memory]    Session NEW | message='m3'
2026-04-12 09:15:19.202  INFO [c.example.rag_spring_ai.memory.ChatMemoryService] [→VectorDB] Similarity search via QuestionAnswerAdvisor | sessionId=s3
2026-04-12 09:15:19.202  INFO [c.example.rag_spring_ai.memory.ChatMemoryService] [→Ollama]   Chat request (RAG+Memory) | model=qwen3:4b | sessionId=s3
2026-04-12 09:15:19.204  INFO [c.example.rag_spring_ai.memory.ChatMemoryService] [←Ollama]   Response received | chars=11 | elapsed=2ms | sessionId=s3
2026-04-12 09:15:19.205 DEBUG [c.example.rag_spring_ai.memory.ChatMemoryService] [Memory]    Active sessions=3
2026-04-12 09:15:19.206  INFO [c.example.rag_spring_ai.memory.ChatMemoryService] [Memory]    Session CLEARED | sessionId=s2
2026-04-12 09:15:19.206 DEBUG [c.example.rag_spring_ai.memory.ChatMemoryService] [Memory]    Active sessions=2
2026-04-12 09:15:19.206 DEBUG [c.example.rag_spring_ai.memory.ChatMemoryService] [Memory]    Active sessions=2
2026-04-12 09:15:19.395  INFO [c.example.rag_spring_ai.memory.ChatMemoryService] [Memory] ChatMemoryService initialised | store=InMemoryChatMemoryRepository
2026-04-12 09:15:19.395  INFO [c.example.rag_spring_ai.memory.ChatMemoryService] [Memory]    Session NEW | message='message'
2026-04-12 09:15:19.396  INFO [c.example.rag_spring_ai.memory.ChatMemoryService] [→VectorDB] Similarity search via QuestionAnswerAdvisor | sessionId=session-A
2026-04-12 09:15:19.396  INFO [c.example.rag_spring_ai.memory.ChatMemoryService] [→Ollama]   Chat request (RAG+Memory) | model=qwen3:4b | sessionId=session-A
2026-04-12 09:15:19.397  INFO [c.example.rag_spring_ai.memory.ChatMemoryService] [←Ollama]   Response received | chars=11 | elapsed=1ms | sessionId=session-A
2026-04-12 09:15:19.398 DEBUG [c.example.rag_spring_ai.memory.ChatMemoryService] [Memory]    Active sessions=1
2026-04-12 09:15:19.398  INFO [c.example.rag_spring_ai.memory.ChatMemoryService] [Memory]    Session CLEARED | sessionId=session-A
2026-04-12 09:15:19.398 DEBUG [c.example.rag_spring_ai.memory.ChatMemoryService] [Memory]    Active sessions=0
2026-04-12 09:15:19.482  INFO [c.example.rag_spring_ai.memory.ChatMemoryService] [Memory] ChatMemoryService initialised | store=InMemoryChatMemoryRepository
2026-04-12 09:15:19.483  INFO [c.example.rag_spring_ai.memory.ChatMemoryService] [Memory]    Session NEW (memory-only, no RAG) | message='Hi there'
2026-04-12 09:15:19.483  INFO [c.example.rag_spring_ai.memory.ChatMemoryService] [→Ollama]   Chat request (Memory only) | model=qwen3:4b | sessionId=session-2
2026-04-12 09:15:19.484  INFO [c.example.rag_spring_ai.memory.ChatMemoryService] [←Ollama]   Response received | chars=11 | elapsed=1ms | sessionId=session-2
2026-04-12 09:15:19.485 DEBUG [c.example.rag_spring_ai.memory.ChatMemoryService] [Memory]    Active sessions=1
2026-04-12 09:15:19.590  INFO [c.example.rag_spring_ai.memory.ChatMemoryService] [Memory] ChatMemoryService initialised | store=InMemoryChatMemoryRepository
2026-04-12 09:15:19.591  INFO [c.example.rag_spring_ai.memory.ChatMemoryService] [Memory]    Session NEW | message='Hello'
2026-04-12 09:15:19.591  INFO [c.example.rag_spring_ai.memory.ChatMemoryService] [→VectorDB] Similarity search via QuestionAnswerAdvisor | sessionId=session-1
2026-04-12 09:15:19.591  INFO [c.example.rag_spring_ai.memory.ChatMemoryService] [→Ollama]   Chat request (RAG+Memory) | model=qwen3:4b | sessionId=session-1
2026-04-12 09:15:19.593  INFO [c.example.rag_spring_ai.memory.ChatMemoryService] [←Ollama]   Response received | chars=11 | elapsed=2ms | sessionId=session-1
2026-04-12 09:15:19.593 DEBUG [c.example.rag_spring_ai.memory.ChatMemoryService] [Memory]    Active sessions=1
2026-04-12 09:15:19.659  INFO [c.e.rag_spring_ai.memory.ChatMemoryControllerTest] Starting ChatMemoryControllerTest using Java 25.0.2 with PID 5135 (started by gustavo.dunhao in /Users/gustavo.dunhao/.projects/rag-spring-ai)
2026-04-12 09:15:19.660 DEBUG [c.e.rag_spring_ai.memory.ChatMemoryControllerTest] Running with Spring Boot v3.5.13, Spring v6.2.17
2026-04-12 09:15:19.660  INFO [c.e.rag_spring_ai.memory.ChatMemoryControllerTest] The following 1 profile is active: "test"
2026-04-12 09:15:19.914  INFO [c.e.rag_spring_ai.memory.ChatMemoryControllerTest] Started ChatMemoryControllerTest in 0.285 seconds (process running for 8.452)
2026-04-12 09:15:19.920  INFO [c.example.rag_spring_ai.config.LoggingInterceptor] [HTTP→] POST /api/chat/sess2/simple
2026-04-12 09:15:19.934  INFO [c.example.rag_spring_ai.config.LoggingInterceptor] [HTTP←] POST /api/chat/sess2/simple | status=200 | elapsed=14ms
2026-04-12 09:15:19.943  INFO [c.example.rag_spring_ai.config.LoggingInterceptor] [HTTP→] DELETE /api/chat/sess3
2026-04-12 09:15:19.945  INFO [c.example.rag_spring_ai.config.LoggingInterceptor] [HTTP←] DELETE /api/chat/sess3 | status=200 | elapsed=2ms
2026-04-12 09:15:19.952  INFO [c.example.rag_spring_ai.config.LoggingInterceptor] [HTTP→] POST /api/chat/sess1
2026-04-12 09:15:19.954  WARN [o.s.w.s.m.support.DefaultHandlerExceptionResolver] Resolved [org.springframework.web.bind.MethodArgumentNotValidException: Validation failed for argument [1] in public java.util.Map<java.lang.String, java.lang.String> com.example.rag_spring_ai.memory.ChatMemoryController.chat(java.lang.String,com.example.rag_spring_ai.model.MessageRequest): [Field error in object 'messageRequest' on field 'message': rejected value []; codes [NotBlank.messageRequest.message,NotBlank.message,NotBlank.java.lang.String,NotBlank]; arguments [org.springframework.context.support.DefaultMessageSourceResolvable: codes [messageRequest.message,message]; arguments []; default message [message]]; default message [must not be blank]] ]
2026-04-12 09:15:19.955  INFO [c.example.rag_spring_ai.config.LoggingInterceptor] [HTTP←] POST /api/chat/sess1 | status=400 | elapsed=2ms
2026-04-12 09:15:19.961  INFO [c.example.rag_spring_ai.config.LoggingInterceptor] [HTTP→] GET /api/chat/sessions
2026-04-12 09:15:19.964  INFO [c.example.rag_spring_ai.config.LoggingInterceptor] [HTTP←] GET /api/chat/sessions | status=200 | elapsed=3ms
2026-04-12 09:15:19.971  INFO [c.example.rag_spring_ai.config.LoggingInterceptor] [HTTP→] POST /api/chat/sess1
2026-04-12 09:15:19.973  INFO [c.example.rag_spring_ai.config.LoggingInterceptor] [HTTP←] POST /api/chat/sess1 | status=200 | elapsed=2ms
2026-04-12 09:15:20.088  INFO [c.e.rag_spring_ai.basic.BasicRagControllerTest] Starting BasicRagControllerTest using Java 25.0.2 with PID 5135 (started by gustavo.dunhao in /Users/gustavo.dunhao/.projects/rag-spring-ai)
2026-04-12 09:15:20.089 DEBUG [c.e.rag_spring_ai.basic.BasicRagControllerTest] Running with Spring Boot v3.5.13, Spring v6.2.17
2026-04-12 09:15:20.089  INFO [c.e.rag_spring_ai.basic.BasicRagControllerTest] The following 1 profile is active: "test"
2026-04-12 09:15:20.321  INFO [c.e.rag_spring_ai.basic.BasicRagControllerTest] Started BasicRagControllerTest in 0.299 seconds (process running for 8.86)
2026-04-12 09:15:20.327  INFO [c.example.rag_spring_ai.config.LoggingInterceptor] [HTTP→] POST /api/basic/ask
2026-04-12 09:15:20.334  WARN [o.s.w.s.m.support.DefaultHandlerExceptionResolver] Resolved [org.springframework.web.bind.MethodArgumentNotValidException: Validation failed for argument [0] in public java.util.Map<java.lang.String, java.lang.String> com.example.rag_spring_ai.basic.BasicRagController.ask(com.example.rag_spring_ai.model.QuestionRequest): [Field error in object 'questionRequest' on field 'question': rejected value []; codes [NotBlank.questionRequest.question,NotBlank.question,NotBlank.java.lang.String,NotBlank]; arguments [org.springframework.context.support.DefaultMessageSourceResolvable: codes [questionRequest.question,question]; arguments []; default message [question]]; default message [must not be blank]] ]
2026-04-12 09:15:20.334  INFO [c.example.rag_spring_ai.config.LoggingInterceptor] [HTTP←] POST /api/basic/ask | status=400 | elapsed=7ms
2026-04-12 09:15:20.340  INFO [c.example.rag_spring_ai.config.LoggingInterceptor] [HTTP→] POST /api/basic/ask
2026-04-12 09:15:20.346  INFO [c.example.rag_spring_ai.config.LoggingInterceptor] [HTTP←] POST /api/basic/ask | status=200 | elapsed=6ms
2026-04-12 09:15:20.352  INFO [c.example.rag_spring_ai.config.LoggingInterceptor] [HTTP→] POST /api/basic/ingest
2026-04-12 09:15:20.356  INFO [c.example.rag_spring_ai.config.LoggingInterceptor] [HTTP←] POST /api/basic/ingest | status=200 | elapsed=4ms
2026-04-12 09:15:20.363  INFO [com.example.rag_spring_ai.basic.BasicRagService] [INGESTION] Loading document: spring-ai-overview.txt
2026-04-12 09:15:20.363 DEBUG [com.example.rag_spring_ai.basic.BasicRagService] [INGESTION] Read 1 raw document(s)
2026-04-12 09:15:20.449  INFO [com.example.rag_spring_ai.basic.BasicRagService] [→VectorDB] Storing 1 chunks | source=spring-ai-overview.txt
2026-04-12 09:15:20.449  INFO [com.example.rag_spring_ai.basic.BasicRagService] [←VectorDB] Stored 1 chunks | elapsed=0ms
2026-04-12 09:15:20.450 DEBUG [com.example.rag_spring_ai.basic.BasicRagService] [→VectorDB] Ingestion skipped — documents already stored
2026-04-12 09:15:20.454  INFO [com.example.rag_spring_ai.basic.BasicRagService] [INGESTION] Loading document: spring-ai-overview.txt
2026-04-12 09:15:20.454 DEBUG [com.example.rag_spring_ai.basic.BasicRagService] [INGESTION] Read 1 raw document(s)
2026-04-12 09:15:20.533  INFO [com.example.rag_spring_ai.basic.BasicRagService] [→VectorDB] Storing 1 chunks | source=spring-ai-overview.txt
2026-04-12 09:15:20.534  INFO [com.example.rag_spring_ai.basic.BasicRagService] [←VectorDB] Stored 1 chunks | elapsed=0ms
2026-04-12 09:15:20.534  INFO [com.example.rag_spring_ai.basic.BasicRagService] [→VectorDB] Similarity search via QuestionAnswerAdvisor | question='First question'
2026-04-12 09:15:20.534  INFO [com.example.rag_spring_ai.basic.BasicRagService] [→Ollama]   Chat request | model=qwen3:4b | question='First question'
2026-04-12 09:15:20.536  INFO [com.example.rag_spring_ai.basic.BasicRagService] [←Ollama]   Response received | chars=45 | elapsed=1ms
2026-04-12 09:15:20.537 DEBUG [com.example.rag_spring_ai.basic.BasicRagService] [→VectorDB] Ingestion skipped — documents already stored
2026-04-12 09:15:20.537  INFO [com.example.rag_spring_ai.basic.BasicRagService] [→VectorDB] Similarity search via QuestionAnswerAdvisor | question='Second question'
2026-04-12 09:15:20.537  INFO [com.example.rag_spring_ai.basic.BasicRagService] [→Ollama]   Chat request | model=qwen3:4b | question='Second question'
2026-04-12 09:15:20.538  INFO [com.example.rag_spring_ai.basic.BasicRagService] [←Ollama]   Response received | chars=45 | elapsed=1ms
2026-04-12 09:15:20.541  INFO [com.example.rag_spring_ai.basic.BasicRagService] [INGESTION] Loading document: spring-ai-overview.txt
2026-04-12 09:15:20.542 DEBUG [com.example.rag_spring_ai.basic.BasicRagService] [INGESTION] Read 1 raw document(s)
2026-04-12 09:15:20.620  INFO [com.example.rag_spring_ai.basic.BasicRagService] [→VectorDB] Storing 1 chunks | source=spring-ai-overview.txt
2026-04-12 09:15:20.621  INFO [com.example.rag_spring_ai.basic.BasicRagService] [←VectorDB] Stored 1 chunks | elapsed=1ms
2026-04-12 09:15:20.625  INFO [com.example.rag_spring_ai.basic.BasicRagService] [INGESTION] Loading document: spring-ai-overview.txt
2026-04-12 09:15:20.626 DEBUG [com.example.rag_spring_ai.basic.BasicRagService] [INGESTION] Read 1 raw document(s)
2026-04-12 09:15:20.686  INFO [com.example.rag_spring_ai.basic.BasicRagService] [→VectorDB] Storing 1 chunks | source=spring-ai-overview.txt
2026-04-12 09:15:20.687  INFO [com.example.rag_spring_ai.basic.BasicRagService] [←VectorDB] Stored 1 chunks | elapsed=0ms
2026-04-12 09:15:20.687  INFO [com.example.rag_spring_ai.basic.BasicRagService] [→VectorDB] Similarity search via QuestionAnswerAdvisor | question='What is Spring AI?'
2026-04-12 09:15:20.687  INFO [com.example.rag_spring_ai.basic.BasicRagService] [→Ollama]   Chat request | model=qwen3:4b | question='What is Spring AI?'
2026-04-12 09:15:20.688  INFO [com.example.rag_spring_ai.basic.BasicRagService] [←Ollama]   Response received | chars=45 | elapsed=1ms
2026-04-12 09:15:20.733  INFO [c.e.rag_spring_ai.RagSpringAiApplicationTests] Starting RagSpringAiApplicationTests using Java 25.0.2 with PID 5135 (started by gustavo.dunhao in /Users/gustavo.dunhao/.projects/rag-spring-ai)
2026-04-12 09:15:20.733 DEBUG [c.e.rag_spring_ai.RagSpringAiApplicationTests] Running with Spring Boot v3.5.13, Spring v6.2.17
2026-04-12 09:15:20.733  INFO [c.e.rag_spring_ai.RagSpringAiApplicationTests] The following 1 profile is active: "test"
2026-04-12 09:15:21.485  INFO [c.example.rag_spring_ai.memory.ChatMemoryService] [Memory] ChatMemoryService initialised | store=InMemoryChatMemoryRepository
2026-04-12 09:15:21.495  INFO [c.e.rag_spring_ai.metadata.MetadataFilterService] [INGESTION] Seeding metadata-enriched documents into VectorDB
2026-04-12 09:15:21.496  INFO [c.e.rag_spring_ai.metadata.MetadataFilterService] [→VectorDB] Storing 6 documents with metadata (product/version/category/year)
2026-04-12 09:15:21.497  INFO [o.springframework.ai.vectorstore.SimpleVectorStore] Calling EmbeddingModel for document id = 8d22ca28-1a3a-4cfd-8029-fb4ea7c043c5
2026-04-12 09:15:21.497  INFO [o.springframework.ai.vectorstore.SimpleVectorStore] Calling EmbeddingModel for document id = 826e40ff-4c8e-46a8-a88d-c1d17df4fca2
2026-04-12 09:15:21.497  INFO [o.springframework.ai.vectorstore.SimpleVectorStore] Calling EmbeddingModel for document id = f1c5c0b0-257b-4e9b-9934-f3c1efe6702c
2026-04-12 09:15:21.498  INFO [o.springframework.ai.vectorstore.SimpleVectorStore] Calling EmbeddingModel for document id = ea96685b-a95e-4e6f-a2d2-4941e17cfa74
2026-04-12 09:15:21.498  INFO [o.springframework.ai.vectorstore.SimpleVectorStore] Calling EmbeddingModel for document id = 07115453-871d-41d1-8550-2d07deae41f2
2026-04-12 09:15:21.498  INFO [o.springframework.ai.vectorstore.SimpleVectorStore] Calling EmbeddingModel for document id = 604c73a6-7bc5-41e0-b501-48543473d09f
2026-04-12 09:15:21.498  INFO [c.e.rag_spring_ai.metadata.MetadataFilterService] [←VectorDB] Stored 6 metadata-enriched documents | elapsed=2ms
2026-04-12 09:15:21.506  INFO [c.example.rag_spring_ai.multidoc.MultiDocService] [INGESTION] Initialising multi-document collections (faq, legal, tech, hr)
2026-04-12 09:15:21.507  INFO [c.example.rag_spring_ai.multidoc.MultiDocService] [→VectorDB] Creating in-memory store for collection='faq' | source='customer-faq'
2026-04-12 09:15:21.704  INFO [o.springframework.ai.vectorstore.SimpleVectorStore] Calling EmbeddingModel for document id = 9ec2d308-00a1-44ef-9440-338a2d026cff
2026-04-12 09:15:21.705  INFO [o.springframework.ai.vectorstore.SimpleVectorStore] Calling EmbeddingModel for document id = c49eeaba-cce6-4c72-a5fa-6e369b1a5f8a
2026-04-12 09:15:21.705  INFO [c.example.rag_spring_ai.multidoc.MultiDocService] [←VectorDB] Stored 2 chunks | collection='faq' | elapsed=1ms
2026-04-12 09:15:21.705  INFO [c.example.rag_spring_ai.multidoc.MultiDocService] [→VectorDB] Creating in-memory store for collection='legal' | source='terms-of-service'
2026-04-12 09:15:21.843  INFO [o.springframework.ai.vectorstore.SimpleVectorStore] Calling EmbeddingModel for document id = bc4c27d2-3d86-4965-a3ca-51a6bdd61df9
2026-04-12 09:15:21.843  INFO [o.springframework.ai.vectorstore.SimpleVectorStore] Calling EmbeddingModel for document id = ebd462b1-152c-4e59-b1b1-ab6f27a8781e
2026-04-12 09:15:21.843  INFO [c.example.rag_spring_ai.multidoc.MultiDocService] [←VectorDB] Stored 2 chunks | collection='legal' | elapsed=0ms
2026-04-12 09:15:21.843  INFO [c.example.rag_spring_ai.multidoc.MultiDocService] [→VectorDB] Creating in-memory store for collection='technical' | source='api-guide'
2026-04-12 09:15:22.062  INFO [o.springframework.ai.vectorstore.SimpleVectorStore] Calling EmbeddingModel for document id = fecd0745-1302-4f3d-9b53-a33173fcd319
2026-04-12 09:15:22.062  INFO [o.springframework.ai.vectorstore.SimpleVectorStore] Calling EmbeddingModel for document id = 428b9923-bd86-4523-8ab8-fb68ae5f400a
2026-04-12 09:15:22.062  INFO [c.example.rag_spring_ai.multidoc.MultiDocService] [←VectorDB] Stored 2 chunks | collection='technical' | elapsed=0ms
2026-04-12 09:15:22.062  INFO [c.example.rag_spring_ai.multidoc.MultiDocService] [→VectorDB] Creating in-memory store for collection='hr' | source='hr-policies'
2026-04-12 09:15:22.208  INFO [o.springframework.ai.vectorstore.SimpleVectorStore] Calling EmbeddingModel for document id = 7d2655a8-6683-4bc0-b441-9a6cf3342929
2026-04-12 09:15:22.208  INFO [o.springframework.ai.vectorstore.SimpleVectorStore] Calling EmbeddingModel for document id = 25e22cce-dc46-44e4-aaca-cb24ab7de223
2026-04-12 09:15:22.209  INFO [c.example.rag_spring_ai.multidoc.MultiDocService] [←VectorDB] Stored 2 chunks | collection='hr' | elapsed=1ms
2026-04-12 09:15:22.209  INFO [c.example.rag_spring_ai.multidoc.MultiDocService] [INGESTION] All collections ready | faq | legal | technical | hr
2026-04-12 09:15:22.217  INFO [c.e.rag_spring_ai.scenarios.hr.HrPolicyService] [Memory]    HrPolicyService initialised | store=InMemoryChatMemoryRepository
2026-04-12 09:15:22.217  INFO [c.e.rag_spring_ai.scenarios.hr.HrPolicyService] [INGESTION] Loading HR policies | source=hr-policies.txt
2026-04-12 09:15:22.430  INFO [c.e.rag_spring_ai.scenarios.hr.HrPolicyService] [→VectorDB] Storing 4 HR policy chunks (in-memory)
2026-04-12 09:15:22.430  INFO [o.springframework.ai.vectorstore.SimpleVectorStore] Calling EmbeddingModel for document id = fe4513c3-66c6-4d49-98af-dcd6e381ee33
2026-04-12 09:15:22.431  INFO [o.springframework.ai.vectorstore.SimpleVectorStore] Calling EmbeddingModel for document id = e8487584-b9f9-4761-9db9-f64ebcadda18
2026-04-12 09:15:22.431  INFO [o.springframework.ai.vectorstore.SimpleVectorStore] Calling EmbeddingModel for document id = 6d5da3d1-b4e1-48fa-b40f-a5e4a8c18408
2026-04-12 09:15:22.432  INFO [o.springframework.ai.vectorstore.SimpleVectorStore] Calling EmbeddingModel for document id = d237ef08-af2d-4ca5-acfd-25e0bd229410
2026-04-12 09:15:22.433  INFO [c.e.rag_spring_ai.scenarios.hr.HrPolicyService] [←VectorDB] HR policy store ready | chunks=4 | elapsed=3ms
2026-04-12 09:15:22.448  INFO [c.e.r.scenarios.legal.LegalSearchService] [INGESTION] Loading legal document | source=terms-of-service.txt
2026-04-12 09:15:22.611  INFO [c.e.r.scenarios.legal.LegalSearchService] [→VectorDB] Storing 4 legal chunks (in-memory, smaller chunks for clause precision)
2026-04-12 09:15:22.611  INFO [o.springframework.ai.vectorstore.SimpleVectorStore] Calling EmbeddingModel for document id = a95fd14a-e471-49c9-905b-7de2a01b4083
2026-04-12 09:15:22.611  INFO [o.springframework.ai.vectorstore.SimpleVectorStore] Calling EmbeddingModel for document id = 621986aa-f497-4435-aba9-10bdbd0a2aeb
2026-04-12 09:15:22.612  INFO [o.springframework.ai.vectorstore.SimpleVectorStore] Calling EmbeddingModel for document id = bf980e52-a361-46b0-8de8-f464c3e10b92
2026-04-12 09:15:22.612  INFO [o.springframework.ai.vectorstore.SimpleVectorStore] Calling EmbeddingModel for document id = 168a15a7-16f0-4335-b66d-47c0f1514a9d
2026-04-12 09:15:22.612  INFO [c.e.r.scenarios.legal.LegalSearchService] [←VectorDB] Legal store ready | chunks=4 | elapsed=1ms
2026-04-12 09:15:22.619  INFO [c.e.r.scenarios.support.CustomerSupportService] [Memory]    CustomerSupportService initialised | store=InMemoryChatMemoryRepository | tools=SupportTools
2026-04-12 09:15:22.620  INFO [c.e.r.scenarios.support.CustomerSupportService] [INGESTION] Loading customer FAQ | source=customer-faq.txt
2026-04-12 09:15:22.785  INFO [c.e.r.scenarios.support.CustomerSupportService] [→VectorDB] Storing 2 FAQ chunks (in-memory)
2026-04-12 09:15:22.785  INFO [o.springframework.ai.vectorstore.SimpleVectorStore] Calling EmbeddingModel for document id = ec3e21e9-4bb0-41ab-a655-b645ef238b2b
2026-04-12 09:15:22.785  INFO [o.springframework.ai.vectorstore.SimpleVectorStore] Calling EmbeddingModel for document id = 55c529d4-a1c8-4010-a247-8ecd8d0f7c97
2026-04-12 09:15:22.785  INFO [c.e.r.scenarios.support.CustomerSupportService] [←VectorDB] FAQ store ready | chunks=2 | elapsed=0ms
2026-04-12 09:15:22.792  INFO [c.e.r.scenarios.techdocs.TechDocsService] [INGESTION] Loading technical documentation | source=api-guide.txt
2026-04-12 09:15:22.995  INFO [c.e.r.scenarios.techdocs.TechDocsService] [→VectorDB] Storing 3 tech-doc chunks (in-memory)
2026-04-12 09:15:22.996  INFO [o.springframework.ai.vectorstore.SimpleVectorStore] Calling EmbeddingModel for document id = 28e27a18-4757-4b4a-9136-9084ecc4d604
2026-04-12 09:15:22.996  INFO [o.springframework.ai.vectorstore.SimpleVectorStore] Calling EmbeddingModel for document id = 9a1f27a4-3ee6-4fdc-ad5b-787a1b0260cb
2026-04-12 09:15:22.996  INFO [o.springframework.ai.vectorstore.SimpleVectorStore] Calling EmbeddingModel for document id = 4db42641-1061-4361-b507-c4bf52668f43
2026-04-12 09:15:22.996  INFO [c.e.r.scenarios.techdocs.TechDocsService] [←VectorDB] Tech-doc store ready | chunks=3 | elapsed=0ms
2026-04-12 09:15:23.010  INFO [com.example.rag_spring_ai.config.ChatClientConfig] [→Ollama] Configuring shared ChatClient | model=qwen3:4b | advisor=SimpleLoggerAdvisor
2026-04-12 09:15:23.724  INFO [c.e.rag_spring_ai.RagSpringAiApplicationTests] Started RagSpringAiApplicationTests in 3.012 seconds (process running for 12.264)
2026-04-12 09:15:23.733  INFO [c.e.r.function.FunctionConfig$SupportTools] [⚙Tool]     lookupOrder invoked by Ollama | orderId='ORD-001'
2026-04-12 09:15:23.734  INFO [c.e.r.function.FunctionConfig$SupportTools] [⚙Tool]     lookupOrder result | orderId=ORD-001 | status=SHIPPED
2026-04-12 09:15:23.735  INFO [c.e.r.function.FunctionConfig$WeatherTools] [⚙Tool]     getWeather invoked by Ollama | city='London'
2026-04-12 09:15:23.736  INFO [c.e.r.function.FunctionConfig$WeatherTools] [⚙Tool]     getWeather result | city=London | temp=12.0°Celsius | condition=Rainy
2026-04-12 09:15:23.738  INFO [c.e.r.function.FunctionConfig$SupportTools] [⚙Tool]     lookupOrder invoked by Ollama | orderId='ORD-999'
2026-04-12 09:15:23.738  INFO [c.e.r.function.FunctionConfig$SupportTools] [⚙Tool]     lookupOrder result | orderId=ORD-999 | status=NOT_FOUND
2026-04-12 09:15:23.740  INFO [c.e.r.function.FunctionConfig$SupportTools] [⚙Tool]     createTicket invoked by Ollama | customer='Bob' | issue='Bug' | priority=LOW | ticketId=TKT-B2799E68
2026-04-12 09:15:23.741  INFO [c.e.r.function.FunctionConfig$SupportTools] [⚙Tool]     createTicket result | ticketId=TKT-B2799E68 | status=OPEN
2026-04-12 09:15:23.741  INFO [c.e.r.function.FunctionConfig$SupportTools] [⚙Tool]     createTicket invoked by Ollama | customer='Bob' | issue='Bug' | priority=LOW | ticketId=TKT-68271382
2026-04-12 09:15:23.741  INFO [c.e.r.function.FunctionConfig$SupportTools] [⚙Tool]     createTicket result | ticketId=TKT-68271382 | status=OPEN
2026-04-12 09:15:23.743  INFO [c.e.r.function.FunctionConfig$WeatherTools] [⚙Tool]     getWeather invoked by Ollama | city='Unknown City'
2026-04-12 09:15:23.743  INFO [c.e.r.function.FunctionConfig$WeatherTools] [⚙Tool]     getWeather result | city=Unknown City | temp=20.0°Celsius | condition=Clear
2026-04-12 09:15:23.747  INFO [c.e.r.function.FunctionConfig$SupportTools] [⚙Tool]     lookupOrder invoked by Ollama | orderId='ORD-002'
2026-04-12 09:15:23.748  INFO [c.e.r.function.FunctionConfig$SupportTools] [⚙Tool]     lookupOrder result | orderId=ORD-002 | status=PROCESSING
2026-04-12 09:15:23.749  INFO [c.e.r.function.FunctionConfig$SupportTools] [⚙Tool]     createTicket invoked by Ollama | customer='Alice' | issue='Login issue' | priority=HIGH | ticketId=TKT-75397A59
2026-04-12 09:15:23.750  INFO [c.e.r.function.FunctionConfig$SupportTools] [⚙Tool]     createTicket result | ticketId=TKT-75397A59 | status=OPEN
2026-04-12 09:15:23.752  INFO [c.e.r.function.FunctionConfig$WeatherTools] [⚙Tool]     getWeather invoked by Ollama | city='Tokyo'
2026-04-12 09:15:23.753  INFO [c.e.r.function.FunctionConfig$WeatherTools] [⚙Tool]     getWeather result | city=Tokyo | temp=22.0°Celsius | condition=Sunny
2026-04-12 09:15:23.806  INFO [c.e.r.function.FunctionCallingControllerTest] Starting FunctionCallingControllerTest using Java 25.0.2 with PID 5135 (started by gustavo.dunhao in /Users/gustavo.dunhao/.projects/rag-spring-ai)
2026-04-12 09:15:23.806 DEBUG [c.e.r.function.FunctionCallingControllerTest] Running with Spring Boot v3.5.13, Spring v6.2.17
2026-04-12 09:15:23.806  INFO [c.e.r.function.FunctionCallingControllerTest] The following 1 profile is active: "test"
2026-04-12 09:15:24.011  INFO [c.e.r.function.FunctionCallingControllerTest] Started FunctionCallingControllerTest in 0.226 seconds (process running for 12.552)
2026-04-12 09:15:24.017  INFO [c.example.rag_spring_ai.config.LoggingInterceptor] [HTTP→] POST /api/function/ask
2026-04-12 09:15:24.023  WARN [o.s.w.s.m.support.DefaultHandlerExceptionResolver] Resolved [org.springframework.web.bind.MethodArgumentNotValidException: Validation failed for argument [0] in public java.util.Map<java.lang.String, java.lang.String> com.example.rag_spring_ai.function.FunctionCallingController.ask(com.example.rag_spring_ai.model.QuestionRequest): [Field error in object 'questionRequest' on field 'question': rejected value []; codes [NotBlank.questionRequest.question,NotBlank.question,NotBlank.java.lang.String,NotBlank]; arguments [org.springframework.context.support.DefaultMessageSourceResolvable: codes [questionRequest.question,question]; arguments []; default message [question]]; default message [must not be blank]] ]
2026-04-12 09:15:24.024  INFO [c.example.rag_spring_ai.config.LoggingInterceptor] [HTTP←] POST /api/function/ask | status=400 | elapsed=7ms
2026-04-12 09:15:24.030  INFO [c.example.rag_spring_ai.config.LoggingInterceptor] [HTTP→] POST /api/function/ask
2026-04-12 09:15:24.035  INFO [c.example.rag_spring_ai.config.LoggingInterceptor] [HTTP←] POST /api/function/ask | status=200 | elapsed=5ms
2026-04-12 09:15:24.042  INFO [c.example.rag_spring_ai.config.LoggingInterceptor] [HTTP→] POST /api/function/support
2026-04-12 09:15:24.047  INFO [c.example.rag_spring_ai.config.LoggingInterceptor] [HTTP←] POST /api/function/support | status=200 | elapsed=5ms
2026-04-12 09:15:24.052  INFO [c.example.rag_spring_ai.config.LoggingInterceptor] [HTTP→] POST /api/function/support
2026-04-12 09:15:24.055  WARN [o.s.w.s.m.support.DefaultHandlerExceptionResolver] Resolved [org.springframework.web.bind.MethodArgumentNotValidException: Validation failed for argument [0] in public java.util.Map<java.lang.String, java.lang.String> com.example.rag_spring_ai.function.FunctionCallingController.support(com.example.rag_spring_ai.model.MessageRequest): [Field error in object 'messageRequest' on field 'message': rejected value []; codes [NotBlank.messageRequest.message,NotBlank.message,NotBlank.java.lang.String,NotBlank]; arguments [org.springframework.context.support.DefaultMessageSourceResolvable: codes [messageRequest.message,message]; arguments []; default message [message]]; default message [must not be blank]] ]
2026-04-12 09:15:24.055  INFO [c.example.rag_spring_ai.config.LoggingInterceptor] [HTTP←] POST /api/function/support | status=400 | elapsed=3ms
2026-04-12 09:15:24.207  INFO [c.e.rag_spring_ai.multidoc.MultiDocControllerTest] Starting MultiDocControllerTest using Java 25.0.2 with PID 5135 (started by gustavo.dunhao in /Users/gustavo.dunhao/.projects/rag-spring-ai)
2026-04-12 09:15:24.208 DEBUG [c.e.rag_spring_ai.multidoc.MultiDocControllerTest] Running with Spring Boot v3.5.13, Spring v6.2.17
2026-04-12 09:15:24.208  INFO [c.e.rag_spring_ai.multidoc.MultiDocControllerTest] The following 1 profile is active: "test"
2026-04-12 09:15:24.413  INFO [c.e.rag_spring_ai.multidoc.MultiDocControllerTest] Started MultiDocControllerTest in 0.227 seconds (process running for 12.954)
2026-04-12 09:15:24.417  INFO [c.example.rag_spring_ai.config.LoggingInterceptor] [HTTP→] POST /api/multidoc/query/faq
2026-04-12 09:15:24.424  WARN [o.s.w.s.m.support.DefaultHandlerExceptionResolver] Resolved [org.springframework.web.bind.MethodArgumentNotValidException: Validation failed for argument [1] in public java.util.Map<java.lang.String, java.lang.String> com.example.rag_spring_ai.multidoc.MultiDocController.queryCollection(java.lang.String,com.example.rag_spring_ai.model.QuestionRequest): [Field error in object 'questionRequest' on field 'question': rejected value []; codes [NotBlank.questionRequest.question,NotBlank.question,NotBlank.java.lang.String,NotBlank]; arguments [org.springframework.context.support.DefaultMessageSourceResolvable: codes [questionRequest.question,question]; arguments []; default message [question]]; default message [must not be blank]] ]
2026-04-12 09:15:24.424  INFO [c.example.rag_spring_ai.config.LoggingInterceptor] [HTTP←] POST /api/multidoc/query/faq | status=400 | elapsed=7ms
2026-04-12 09:15:24.430  INFO [c.example.rag_spring_ai.config.LoggingInterceptor] [HTTP→] GET /api/multidoc/collections
2026-04-12 09:15:24.438  INFO [c.example.rag_spring_ai.config.LoggingInterceptor] [HTTP←] GET /api/multidoc/collections | status=200 | elapsed=8ms
2026-04-12 09:15:24.448  INFO [c.example.rag_spring_ai.config.LoggingInterceptor] [HTTP→] POST /api/multidoc/smart-query
2026-04-12 09:15:24.454  INFO [c.example.rag_spring_ai.config.LoggingInterceptor] [HTTP←] POST /api/multidoc/smart-query | status=200 | elapsed=6ms
2026-04-12 09:15:24.459  INFO [c.example.rag_spring_ai.config.LoggingInterceptor] [HTTP→] POST /api/multidoc/query/faq
2026-04-12 09:15:24.461  INFO [c.example.rag_spring_ai.config.LoggingInterceptor] [HTTP←] POST /api/multidoc/query/faq | status=200 | elapsed=2ms
2026-04-12 09:15:24.507  INFO [c.e.r.structured.StructuredOutputControllerTest] Starting StructuredOutputControllerTest using Java 25.0.2 with PID 5135 (started by gustavo.dunhao in /Users/gustavo.dunhao/.projects/rag-spring-ai)
2026-04-12 09:15:24.508 DEBUG [c.e.r.structured.StructuredOutputControllerTest] Running with Spring Boot v3.5.13, Spring v6.2.17
2026-04-12 09:15:24.508  INFO [c.e.r.structured.StructuredOutputControllerTest] The following 1 profile is active: "test"
2026-04-12 09:15:24.686  INFO [c.e.r.structured.StructuredOutputControllerTest] Started StructuredOutputControllerTest in 0.198 seconds (process running for 13.227)
2026-04-12 09:15:24.691  INFO [c.example.rag_spring_ai.config.LoggingInterceptor] [HTTP→] POST /api/structured/api
2026-04-12 09:15:24.702  INFO [c.example.rag_spring_ai.config.LoggingInterceptor] [HTTP←] POST /api/structured/api | status=200 | elapsed=11ms
2026-04-12 09:15:24.708  INFO [c.example.rag_spring_ai.config.LoggingInterceptor] [HTTP→] POST /api/structured/legal
2026-04-12 09:15:24.711  INFO [c.example.rag_spring_ai.config.LoggingInterceptor] [HTTP←] POST /api/structured/legal | status=200 | elapsed=3ms
2026-04-12 09:15:24.716  INFO [c.example.rag_spring_ai.config.LoggingInterceptor] [HTTP→] POST /api/structured/faq
2026-04-12 09:15:24.722  INFO [c.example.rag_spring_ai.config.LoggingInterceptor] [HTTP←] POST /api/structured/faq | status=200 | elapsed=6ms
2026-04-12 09:15:24.727  INFO [c.example.rag_spring_ai.config.LoggingInterceptor] [HTTP→] POST /api/structured/faq
2026-04-12 09:15:24.729  WARN [o.s.w.s.m.support.DefaultHandlerExceptionResolver] Resolved [org.springframework.web.bind.MethodArgumentNotValidException: Validation failed for argument [0] in public com.example.rag_spring_ai.model.FaqEntry com.example.rag_spring_ai.structured.StructuredOutputController.faq(com.example.rag_spring_ai.model.QuestionRequest): [Field error in object 'questionRequest' on field 'question': rejected value []; codes [NotBlank.questionRequest.question,NotBlank.question,NotBlank.java.lang.String,NotBlank]; arguments [org.springframework.context.support.DefaultMessageSourceResolvable: codes [questionRequest.question,question]; arguments []; default message [question]]; default message [must not be blank]] ]
2026-04-12 09:15:24.729  INFO [c.example.rag_spring_ai.config.LoggingInterceptor] [HTTP←] POST /api/structured/faq | status=400 | elapsed=2ms
2026-04-12 09:15:24.734  INFO [c.example.rag_spring_ai.config.LoggingInterceptor] [HTTP→] POST /api/structured/legal
2026-04-12 09:15:24.735  WARN [o.s.w.s.m.support.DefaultHandlerExceptionResolver] Resolved [org.springframework.web.bind.MethodArgumentNotValidException: Validation failed for argument [0] in public java.util.List<com.example.rag_spring_ai.model.LegalClause> com.example.rag_spring_ai.structured.StructuredOutputController.legal(com.example.rag_spring_ai.model.QueryRequest): [Field error in object 'queryRequest' on field 'query': rejected value []; codes [NotBlank.queryRequest.query,NotBlank.query,NotBlank.java.lang.String,NotBlank]; arguments [org.springframework.context.support.DefaultMessageSourceResolvable: codes [queryRequest.query,query]; arguments []; default message [query]]; default message [must not be blank]] ]
2026-04-12 09:15:24.736  INFO [c.example.rag_spring_ai.config.LoggingInterceptor] [HTTP←] POST /api/structured/legal | status=400 | elapsed=2ms
2026-04-12 09:15:24.806  INFO [c.e.r.s.support.CustomerSupportControllerTest] Starting CustomerSupportControllerTest using Java 25.0.2 with PID 5135 (started by gustavo.dunhao in /Users/gustavo.dunhao/.projects/rag-spring-ai)
2026-04-12 09:15:24.807 DEBUG [c.e.r.s.support.CustomerSupportControllerTest] Running with Spring Boot v3.5.13, Spring v6.2.17
2026-04-12 09:15:24.807  INFO [c.e.r.s.support.CustomerSupportControllerTest] The following 1 profile is active: "test"
2026-04-12 09:15:24.989  INFO [c.e.r.s.support.CustomerSupportControllerTest] Started CustomerSupportControllerTest in 0.202 seconds (process running for 13.53)
2026-04-12 09:15:24.994  INFO [c.example.rag_spring_ai.config.LoggingInterceptor] [HTTP→] DELETE /api/scenarios/support/session1
2026-04-12 09:15:25.000  INFO [c.example.rag_spring_ai.config.LoggingInterceptor] [HTTP←] DELETE /api/scenarios/support/session1 | status=200 | elapsed=6ms
2026-04-12 09:15:25.006  INFO [c.example.rag_spring_ai.config.LoggingInterceptor] [HTTP→] POST /api/scenarios/support/session1
2026-04-12 09:15:25.011  WARN [o.s.w.s.m.support.DefaultHandlerExceptionResolver] Resolved [org.springframework.web.bind.MethodArgumentNotValidException: Validation failed for argument [1] in public java.util.Map<java.lang.String, java.lang.String> com.example.rag_spring_ai.scenarios.support.CustomerSupportController.chat(java.lang.String,com.example.rag_spring_ai.model.MessageRequest): [Field error in object 'messageRequest' on field 'message': rejected value []; codes [NotBlank.messageRequest.message,NotBlank.message,NotBlank.java.lang.String,NotBlank]; arguments [org.springframework.context.support.DefaultMessageSourceResolvable: codes [messageRequest.message,message]; arguments []; default message [message]]; default message [must not be blank]] ]
2026-04-12 09:15:25.011  INFO [c.example.rag_spring_ai.config.LoggingInterceptor] [HTTP←] POST /api/scenarios/support/session1 | status=400 | elapsed=5ms
2026-04-12 09:15:25.017  INFO [c.example.rag_spring_ai.config.LoggingInterceptor] [HTTP→] POST /api/scenarios/support/session1
2026-04-12 09:15:25.019  INFO [c.example.rag_spring_ai.config.LoggingInterceptor] [HTTP←] POST /api/scenarios/support/session1 | status=200 | elapsed=2ms
2026-04-12 09:15:25.069  INFO [c.e.r.scenarios.hr.HrPolicyControllerTest] Starting HrPolicyControllerTest using Java 25.0.2 with PID 5135 (started by gustavo.dunhao in /Users/gustavo.dunhao/.projects/rag-spring-ai)
2026-04-12 09:15:25.070 DEBUG [c.e.r.scenarios.hr.HrPolicyControllerTest] Running with Spring Boot v3.5.13, Spring v6.2.17
2026-04-12 09:15:25.070  INFO [c.e.r.scenarios.hr.HrPolicyControllerTest] The following 1 profile is active: "test"
2026-04-12 09:15:25.265  INFO [c.e.r.scenarios.hr.HrPolicyControllerTest] Started HrPolicyControllerTest in 0.216 seconds (process running for 13.806)
2026-04-12 09:15:25.269  INFO [c.example.rag_spring_ai.config.LoggingInterceptor] [HTTP→] POST /api/scenarios/hr/policy
2026-04-12 09:15:25.276  WARN [o.s.w.s.m.support.DefaultHandlerExceptionResolver] Resolved [org.springframework.web.bind.MethodArgumentNotValidException: Validation failed for argument [0] in public com.example.rag_spring_ai.model.PolicyInfo com.example.rag_spring_ai.scenarios.hr.HrPolicyController.getPolicy(com.example.rag_spring_ai.scenarios.hr.HrPolicyController$TopicRequest): [Field error in object 'topicRequest' on field 'topic': rejected value []; codes [NotBlank.topicRequest.topic,NotBlank.topic,NotBlank.java.lang.String,NotBlank]; arguments [org.springframework.context.support.DefaultMessageSourceResolvable: codes [topicRequest.topic,topic]; arguments []; default message [topic]]; default message [must not be blank]] ]
2026-04-12 09:15:25.276  INFO [c.example.rag_spring_ai.config.LoggingInterceptor] [HTTP←] POST /api/scenarios/hr/policy | status=400 | elapsed=7ms
2026-04-12 09:15:25.282  INFO [c.example.rag_spring_ai.config.LoggingInterceptor] [HTTP→] POST /api/scenarios/hr/chat/emp1
2026-04-12 09:15:25.290  INFO [c.example.rag_spring_ai.config.LoggingInterceptor] [HTTP←] POST /api/scenarios/hr/chat/emp1 | status=200 | elapsed=8ms
2026-04-12 09:15:25.296  INFO [c.example.rag_spring_ai.config.LoggingInterceptor] [HTTP→] POST /api/scenarios/hr/policy
2026-04-12 09:15:25.299  INFO [c.example.rag_spring_ai.config.LoggingInterceptor] [HTTP←] POST /api/scenarios/hr/policy | status=200 | elapsed=3ms
2026-04-12 09:15:25.304  INFO [c.example.rag_spring_ai.config.LoggingInterceptor] [HTTP→] POST /api/scenarios/hr/quick
2026-04-12 09:15:25.305  WARN [o.s.w.s.m.support.DefaultHandlerExceptionResolver] Resolved [org.springframework.web.bind.MethodArgumentNotValidException: Validation failed for argument [0] in public java.util.Map<java.lang.String, java.lang.String> com.example.rag_spring_ai.scenarios.hr.HrPolicyController.quickAnswer(com.example.rag_spring_ai.model.QuestionRequest): [Field error in object 'questionRequest' on field 'question': rejected value []; codes [NotBlank.questionRequest.question,NotBlank.question,NotBlank.java.lang.String,NotBlank]; arguments [org.springframework.context.support.DefaultMessageSourceResolvable: codes [questionRequest.question,question]; arguments []; default message [question]]; default message [must not be blank]] ]
2026-04-12 09:15:25.306  INFO [c.example.rag_spring_ai.config.LoggingInterceptor] [HTTP←] POST /api/scenarios/hr/quick | status=400 | elapsed=2ms
2026-04-12 09:15:25.311  INFO [c.example.rag_spring_ai.config.LoggingInterceptor] [HTTP→] POST /api/scenarios/hr/quick
2026-04-12 09:15:25.313  INFO [c.example.rag_spring_ai.config.LoggingInterceptor] [HTTP←] POST /api/scenarios/hr/quick | status=200 | elapsed=2ms
2026-04-12 09:15:25.362  INFO [c.e.r.scenarios.techdocs.TechDocsControllerTest] Starting TechDocsControllerTest using Java 25.0.2 with PID 5135 (started by gustavo.dunhao in /Users/gustavo.dunhao/.projects/rag-spring-ai)
2026-04-12 09:15:25.362 DEBUG [c.e.r.scenarios.techdocs.TechDocsControllerTest] Running with Spring Boot v3.5.13, Spring v6.2.17
2026-04-12 09:15:25.362  INFO [c.e.r.scenarios.techdocs.TechDocsControllerTest] The following 1 profile is active: "test"
2026-04-12 09:15:25.576  INFO [c.e.r.scenarios.techdocs.TechDocsControllerTest] Started TechDocsControllerTest in 0.234 seconds (process running for 14.118)
2026-04-12 09:15:25.581  INFO [c.example.rag_spring_ai.config.LoggingInterceptor] [HTTP→] POST /api/scenarios/techdocs/ask
2026-04-12 09:15:25.586  WARN [o.s.w.s.m.support.DefaultHandlerExceptionResolver] Resolved [org.springframework.web.bind.MethodArgumentNotValidException: Validation failed for argument [0] in public java.util.Map<java.lang.String, java.lang.String> com.example.rag_spring_ai.scenarios.techdocs.TechDocsController.ask(com.example.rag_spring_ai.model.QuestionRequest): [Field error in object 'questionRequest' on field 'question': rejected value []; codes [NotBlank.questionRequest.question,NotBlank.question,NotBlank.java.lang.String,NotBlank]; arguments [org.springframework.context.support.DefaultMessageSourceResolvable: codes [questionRequest.question,question]; arguments []; default message [question]]; default message [must not be blank]] ]
2026-04-12 09:15:25.586  INFO [c.example.rag_spring_ai.config.LoggingInterceptor] [HTTP←] POST /api/scenarios/techdocs/ask | status=400 | elapsed=5ms
2026-04-12 09:15:25.591  INFO [c.example.rag_spring_ai.config.LoggingInterceptor] [HTTP→] POST /api/scenarios/techdocs/ask
2026-04-12 09:15:25.596  INFO [c.example.rag_spring_ai.config.LoggingInterceptor] [HTTP←] POST /api/scenarios/techdocs/ask | status=200 | elapsed=5ms
2026-04-12 09:15:25.601  INFO [c.example.rag_spring_ai.config.LoggingInterceptor] [HTTP→] POST /api/scenarios/techdocs/curl
2026-04-12 09:15:25.604  WARN [o.s.w.s.m.support.DefaultHandlerExceptionResolver] Resolved [org.springframework.web.bind.MethodArgumentNotValidException: Validation failed for argument [0] in public java.util.Map<java.lang.String, java.lang.String> com.example.rag_spring_ai.scenarios.techdocs.TechDocsController.generateCurl(com.example.rag_spring_ai.scenarios.techdocs.TechDocsController$OperationRequest): [Field error in object 'operationRequest' on field 'operation': rejected value []; codes [NotBlank.operationRequest.operation,NotBlank.operation,NotBlank.java.lang.String,NotBlank]; arguments [org.springframework.context.support.DefaultMessageSourceResolvable: codes [operationRequest.operation,operation]; arguments []; default message [operation]]; default message [must not be blank]] ]
2026-04-12 09:15:25.604  INFO [c.example.rag_spring_ai.config.LoggingInterceptor] [HTTP←] POST /api/scenarios/techdocs/curl | status=400 | elapsed=3ms
2026-04-12 09:15:25.609  INFO [c.example.rag_spring_ai.config.LoggingInterceptor] [HTTP→] POST /api/scenarios/techdocs/curl
2026-04-12 09:15:25.611  INFO [c.example.rag_spring_ai.config.LoggingInterceptor] [HTTP←] POST /api/scenarios/techdocs/curl | status=200 | elapsed=2ms
2026-04-12 09:15:25.616  INFO [c.example.rag_spring_ai.config.LoggingInterceptor] [HTTP→] POST /api/scenarios/techdocs/endpoints
2026-04-12 09:15:25.621  WARN [o.s.w.s.m.support.DefaultHandlerExceptionResolver] Resolved [org.springframework.web.bind.MethodArgumentNotValidException: Validation failed for argument [0] in public java.util.List<com.example.rag_spring_ai.model.ApiEndpoint> com.example.rag_spring_ai.scenarios.techdocs.TechDocsController.findEndpoints(com.example.rag_spring_ai.scenarios.techdocs.TechDocsController$FeatureRequest): [Field error in object 'featureRequest' on field 'feature': rejected value []; codes [NotBlank.featureRequest.feature,NotBlank.feature,NotBlank.java.lang.String,NotBlank]; arguments [org.springframework.context.support.DefaultMessageSourceResolvable: codes [featureRequest.feature,feature]; arguments []; default message [feature]]; default message [must not be blank]] ]
2026-04-12 09:15:25.621  INFO [c.example.rag_spring_ai.config.LoggingInterceptor] [HTTP←] POST /api/scenarios/techdocs/endpoints | status=400 | elapsed=5ms
2026-04-12 09:15:25.626  INFO [c.example.rag_spring_ai.config.LoggingInterceptor] [HTTP→] POST /api/scenarios/techdocs/endpoints
2026-04-12 09:15:25.630  INFO [c.example.rag_spring_ai.config.LoggingInterceptor] [HTTP←] POST /api/scenarios/techdocs/endpoints | status=200 | elapsed=4ms
2026-04-12 09:15:25.672  INFO [c.e.r.scenarios.legal.LegalSearchControllerTest] Starting LegalSearchControllerTest using Java 25.0.2 with PID 5135 (started by gustavo.dunhao in /Users/gustavo.dunhao/.projects/rag-spring-ai)
2026-04-12 09:15:25.672 DEBUG [c.e.r.scenarios.legal.LegalSearchControllerTest] Running with Spring Boot v3.5.13, Spring v6.2.17
2026-04-12 09:15:25.672  INFO [c.e.r.scenarios.legal.LegalSearchControllerTest] The following 1 profile is active: "test"
2026-04-12 09:15:25.855  INFO [c.e.r.scenarios.legal.LegalSearchControllerTest] Started LegalSearchControllerTest in 0.199 seconds (process running for 14.396)
2026-04-12 09:15:25.860  INFO [c.example.rag_spring_ai.config.LoggingInterceptor] [HTTP→] POST /api/scenarios/legal/search
2026-04-12 09:15:25.868  INFO [c.example.rag_spring_ai.config.LoggingInterceptor] [HTTP←] POST /api/scenarios/legal/search | status=200 | elapsed=8ms
2026-04-12 09:15:25.873  INFO [c.example.rag_spring_ai.config.LoggingInterceptor] [HTTP→] POST /api/scenarios/legal/compliance
2026-04-12 09:15:25.877  INFO [c.example.rag_spring_ai.config.LoggingInterceptor] [HTTP←] POST /api/scenarios/legal/compliance | status=200 | elapsed=4ms
2026-04-12 09:15:25.884  INFO [c.example.rag_spring_ai.config.LoggingInterceptor] [HTTP→] POST /api/scenarios/legal/compliance
2026-04-12 09:15:25.885  WARN [o.s.w.s.m.support.DefaultHandlerExceptionResolver] Resolved [org.springframework.web.bind.MethodArgumentNotValidException: Validation failed for argument [0] in public java.util.Map<java.lang.String, java.lang.String> com.example.rag_spring_ai.scenarios.legal.LegalSearchController.compliance(com.example.rag_spring_ai.scenarios.legal.LegalSearchController$ComplianceRequest): [Field error in object 'complianceRequest' on field 'practice': rejected value []; codes [NotBlank.complianceRequest.practice,NotBlank.practice,NotBlank.java.lang.String,NotBlank]; arguments [org.springframework.context.support.DefaultMessageSourceResolvable: codes [complianceRequest.practice,practice]; arguments []; default message [practice]]; default message [must not be blank]] ]
2026-04-12 09:15:25.886  INFO [c.example.rag_spring_ai.config.LoggingInterceptor] [HTTP←] POST /api/scenarios/legal/compliance | status=400 | elapsed=2ms
2026-04-12 09:15:25.891  INFO [c.example.rag_spring_ai.config.LoggingInterceptor] [HTTP→] POST /api/scenarios/legal/extract
2026-04-12 09:15:25.895  INFO [c.example.rag_spring_ai.config.LoggingInterceptor] [HTTP←] POST /api/scenarios/legal/extract | status=200 | elapsed=4ms
2026-04-12 09:15:25.903  INFO [c.example.rag_spring_ai.config.LoggingInterceptor] [HTTP→] POST /api/scenarios/legal/search
2026-04-12 09:15:25.904  WARN [o.s.w.s.m.support.DefaultHandlerExceptionResolver] Resolved [org.springframework.web.bind.MethodArgumentNotValidException: Validation failed for argument [0] in public java.util.Map<java.lang.String, java.lang.String> com.example.rag_spring_ai.scenarios.legal.LegalSearchController.search(com.example.rag_spring_ai.model.QueryRequest): [Field error in object 'queryRequest' on field 'query': rejected value []; codes [NotBlank.queryRequest.query,NotBlank.query,NotBlank.java.lang.String,NotBlank]; arguments [org.springframework.context.support.DefaultMessageSourceResolvable: codes [queryRequest.query,query]; arguments []; default message [query]]; default message [must not be blank]] ]
2026-04-12 09:15:25.905  INFO [c.example.rag_spring_ai.config.LoggingInterceptor] [HTTP←] POST /api/scenarios/legal/search | status=400 | elapsed=2ms
2026-04-12 09:15:25.963  INFO [c.e.r.metadata.MetadataFilterControllerTest] Starting MetadataFilterControllerTest using Java 25.0.2 with PID 5135 (started by gustavo.dunhao in /Users/gustavo.dunhao/.projects/rag-spring-ai)
2026-04-12 09:15:25.963 DEBUG [c.e.r.metadata.MetadataFilterControllerTest] Running with Spring Boot v3.5.13, Spring v6.2.17
2026-04-12 09:15:25.964  INFO [c.e.r.metadata.MetadataFilterControllerTest] The following 1 profile is active: "test"
2026-04-12 09:15:26.146  INFO [c.e.r.metadata.MetadataFilterControllerTest] Started MetadataFilterControllerTest in 0.206 seconds (process running for 14.687)
2026-04-12 09:15:26.151  INFO [c.example.rag_spring_ai.config.LoggingInterceptor] [HTTP→] GET /api/metadata/search/product?query=rate%20limits
2026-04-12 09:15:26.158  INFO [c.example.rag_spring_ai.config.LoggingInterceptor] [HTTP←] GET /api/metadata/search/product | status=200 | elapsed=7ms
2026-04-12 09:15:26.164  INFO [c.example.rag_spring_ai.config.LoggingInterceptor] [HTTP→] POST /api/metadata/ask
2026-04-12 09:15:26.169  WARN [o.s.w.s.m.support.DefaultHandlerExceptionResolver] Resolved [org.springframework.web.bind.MethodArgumentNotValidException: Validation failed for argument [0] in public java.util.Map<java.lang.String, java.lang.String> com.example.rag_spring_ai.metadata.MetadataFilterController.askAboutProduct(com.example.rag_spring_ai.metadata.MetadataFilterController$ProductQuestionRequest): [Field error in object 'productQuestionRequest' on field 'question': rejected value []; codes [NotBlank.productQuestionRequest.question,NotBlank.question,NotBlank.java.lang.String,NotBlank]; arguments [org.springframework.context.support.DefaultMessageSourceResolvable: codes [productQuestionRequest.question,question]; arguments []; default message [question]]; default message [must not be blank]] ]
2026-04-12 09:15:26.170  INFO [c.example.rag_spring_ai.config.LoggingInterceptor] [HTTP←] POST /api/metadata/ask | status=400 | elapsed=6ms
2026-04-12 09:15:26.174  INFO [c.example.rag_spring_ai.config.LoggingInterceptor] [HTTP→] POST /api/metadata/ask
2026-04-12 09:15:26.177  INFO [c.example.rag_spring_ai.config.LoggingInterceptor] [HTTP←] POST /api/metadata/ask | status=200 | elapsed=3ms
2026-04-12 09:15:26.182  INFO [c.example.rag_spring_ai.config.LoggingInterceptor] [HTTP→] GET /api/metadata/search/category?query=new%20features
2026-04-12 09:15:26.186  INFO [c.example.rag_spring_ai.config.LoggingInterceptor] [HTTP←] GET /api/metadata/search/category | status=200 | elapsed=4ms
2026-04-12 09:15:26.191  INFO [c.example.rag_spring_ai.config.LoggingInterceptor] [HTTP→] GET /api/metadata/search/product?query=sync&product=datasync
2026-04-12 09:15:26.192  INFO [c.example.rag_spring_ai.config.LoggingInterceptor] [HTTP←] GET /api/metadata/search/product | status=200 | elapsed=1ms
2026-04-12 09:15:26.521  INFO [c.e.rag_spring_ai.metadata.MetadataFilterService] [INGESTION] Seeding metadata-enriched documents into VectorDB
2026-04-12 09:15:26.522  INFO [c.e.rag_spring_ai.metadata.MetadataFilterService] [→VectorDB] Storing 6 documents with metadata (product/version/category/year)
2026-04-12 09:15:26.522  INFO [o.springframework.ai.vectorstore.SimpleVectorStore] Calling EmbeddingModel for document id = dd5829b4-c517-41c5-8838-f1c4a3c6296c
2026-04-12 09:15:26.522  INFO [o.springframework.ai.vectorstore.SimpleVectorStore] Calling EmbeddingModel for document id = c9c73bc3-a00e-4848-8867-87bfd16b9911
2026-04-12 09:15:26.523  INFO [o.springframework.ai.vectorstore.SimpleVectorStore] Calling EmbeddingModel for document id = 9cc28309-0282-43e0-b311-1f4724197f75
2026-04-12 09:15:26.523  INFO [o.springframework.ai.vectorstore.SimpleVectorStore] Calling EmbeddingModel for document id = b2270456-58d6-40d1-b43b-fb61c07ee728
2026-04-12 09:15:26.523  INFO [o.springframework.ai.vectorstore.SimpleVectorStore] Calling EmbeddingModel for document id = efc72c65-48c7-42e2-b970-f70bca146f4c
2026-04-12 09:15:26.523  INFO [o.springframework.ai.vectorstore.SimpleVectorStore] Calling EmbeddingModel for document id = ca54a2d4-8525-4753-a11f-15d356a14362
2026-04-12 09:15:26.523  INFO [c.e.rag_spring_ai.metadata.MetadataFilterService] [←VectorDB] Stored 6 metadata-enriched documents | elapsed=1ms
2026-04-12 09:15:26.523  INFO [c.e.rag_spring_ai.metadata.MetadataFilterService] [→VectorDB] Similarity search | filter=product:'cloudflow' | query='version features'
2026-04-12 09:15:26.529  INFO [c.e.rag_spring_ai.metadata.MetadataFilterService] [←VectorDB] Search complete | filter=product:'cloudflow' | results=4 | elapsed=4ms
2026-04-12 09:15:26.600  INFO [c.e.rag_spring_ai.metadata.MetadataFilterService] [INGESTION] Seeding metadata-enriched documents into VectorDB
2026-04-12 09:15:26.601  INFO [c.e.rag_spring_ai.metadata.MetadataFilterService] [→VectorDB] Storing 6 documents with metadata (product/version/category/year)
2026-04-12 09:15:26.601  INFO [o.springframework.ai.vectorstore.SimpleVectorStore] Calling EmbeddingModel for document id = c7b75b7f-d461-4caf-8585-91a94cdc012c
2026-04-12 09:15:26.601  INFO [o.springframework.ai.vectorstore.SimpleVectorStore] Calling EmbeddingModel for document id = 888e4d58-e5d2-4813-bba5-b6ff1b6f2078
2026-04-12 09:15:26.601  INFO [o.springframework.ai.vectorstore.SimpleVectorStore] Calling EmbeddingModel for document id = 35368765-f221-4621-9457-52181672c0b8
2026-04-12 09:15:26.601  INFO [o.springframework.ai.vectorstore.SimpleVectorStore] Calling EmbeddingModel for document id = 7cacd884-88de-4480-9193-0b5d0d9ef6e4
2026-04-12 09:15:26.602  INFO [o.springframework.ai.vectorstore.SimpleVectorStore] Calling EmbeddingModel for document id = 61480600-dde5-43de-8e5f-297f4cdf8b35
2026-04-12 09:15:26.602  INFO [o.springframework.ai.vectorstore.SimpleVectorStore] Calling EmbeddingModel for document id = 3a43428a-477b-460d-ae04-7618908ca8b4
2026-04-12 09:15:26.602  INFO [c.e.rag_spring_ai.metadata.MetadataFilterService] [←VectorDB] Stored 6 metadata-enriched documents | elapsed=1ms
2026-04-12 09:15:26.671  INFO [c.e.rag_spring_ai.metadata.MetadataFilterService] [INGESTION] Seeding metadata-enriched documents into VectorDB
2026-04-12 09:15:26.672  INFO [c.e.rag_spring_ai.metadata.MetadataFilterService] [→VectorDB] Storing 6 documents with metadata (product/version/category/year)
2026-04-12 09:15:26.672  INFO [o.springframework.ai.vectorstore.SimpleVectorStore] Calling EmbeddingModel for document id = d24c1bbc-7c50-4c27-9458-0bcdf72d691b
2026-04-12 09:15:26.672  INFO [o.springframework.ai.vectorstore.SimpleVectorStore] Calling EmbeddingModel for document id = cba075ba-789c-49ae-bc3b-b68512cd40a3
2026-04-12 09:15:26.672  INFO [o.springframework.ai.vectorstore.SimpleVectorStore] Calling EmbeddingModel for document id = f38e47b9-5353-4796-820e-6a3b976a91fa
2026-04-12 09:15:26.672  INFO [o.springframework.ai.vectorstore.SimpleVectorStore] Calling EmbeddingModel for document id = a0b0c3f9-ef79-4b76-b203-e8ece42aaccb
2026-04-12 09:15:26.673  INFO [o.springframework.ai.vectorstore.SimpleVectorStore] Calling EmbeddingModel for document id = 28f9e6cc-564d-47a1-80db-8e7dfcb68cbd
2026-04-12 09:15:26.673  INFO [o.springframework.ai.vectorstore.SimpleVectorStore] Calling EmbeddingModel for document id = fdded69d-55d9-492c-997d-aa5d73d63fbf
2026-04-12 09:15:26.673  INFO [c.e.rag_spring_ai.metadata.MetadataFilterService] [←VectorDB] Stored 6 metadata-enriched documents | elapsed=1ms
2026-04-12 09:15:26.673  INFO [c.e.rag_spring_ai.metadata.MetadataFilterService] [→VectorDB] Similarity search | filter=product:'cloudflow' | topK=3 | question='What API rate limits exist?'
2026-04-12 09:15:26.674  INFO [c.e.rag_spring_ai.metadata.MetadataFilterService] [→Ollama]   Chat request | model=qwen3:4b | product filter='cloudflow'
2026-04-12 09:15:26.677  INFO [c.e.rag_spring_ai.metadata.MetadataFilterService] [←Ollama]   Response received | chars=14 | elapsed=3ms
2026-04-12 09:15:26.741  INFO [c.e.rag_spring_ai.metadata.MetadataFilterService] [INGESTION] Seeding metadata-enriched documents into VectorDB
2026-04-12 09:15:26.742  INFO [c.e.rag_spring_ai.metadata.MetadataFilterService] [→VectorDB] Storing 6 documents with metadata (product/version/category/year)
2026-04-12 09:15:26.742  INFO [o.springframework.ai.vectorstore.SimpleVectorStore] Calling EmbeddingModel for document id = 2781edf1-a9f8-471c-a3a7-3adb6a375800
2026-04-12 09:15:26.742  INFO [o.springframework.ai.vectorstore.SimpleVectorStore] Calling EmbeddingModel for document id = 19d4cf35-d762-4584-bf4b-86d562a0b177
2026-04-12 09:15:26.742  INFO [o.springframework.ai.vectorstore.SimpleVectorStore] Calling EmbeddingModel for document id = 72dfbd80-eea6-4e45-a66d-51eee63655a2
2026-04-12 09:15:26.742  INFO [o.springframework.ai.vectorstore.SimpleVectorStore] Calling EmbeddingModel for document id = 2ec25943-7e15-458c-8f5a-5d649a79cf72
2026-04-12 09:15:26.742  INFO [o.springframework.ai.vectorstore.SimpleVectorStore] Calling EmbeddingModel for document id = 7465d6bd-84c7-4af2-88be-a9d7b02c14c9
2026-04-12 09:15:26.742  INFO [o.springframework.ai.vectorstore.SimpleVectorStore] Calling EmbeddingModel for document id = 9b74f159-83bf-49d6-9b98-a7d4a5fdfcfe
2026-04-12 09:15:26.742  INFO [c.e.rag_spring_ai.metadata.MetadataFilterService] [←VectorDB] Stored 6 metadata-enriched documents | elapsed=0ms
2026-04-12 09:15:26.743  INFO [c.e.rag_spring_ai.metadata.MetadataFilterService] [→VectorDB] Similarity search | filter=product:'datasync' | query='synchronization'
2026-04-12 09:15:26.743  INFO [c.e.rag_spring_ai.metadata.MetadataFilterService] [←VectorDB] Search complete | filter=product:'datasync' | results=2 | elapsed=0ms
2026-04-12 09:15:26.804  INFO [c.e.rag_spring_ai.metadata.MetadataFilterService] [INGESTION] Seeding metadata-enriched documents into VectorDB
2026-04-12 09:15:26.805  INFO [c.e.rag_spring_ai.metadata.MetadataFilterService] [→VectorDB] Storing 6 documents with metadata (product/version/category/year)
2026-04-12 09:15:26.805  INFO [o.springframework.ai.vectorstore.SimpleVectorStore] Calling EmbeddingModel for document id = 4343b060-4598-4469-b639-dd2e14c6b79f
2026-04-12 09:15:26.805  INFO [o.springframework.ai.vectorstore.SimpleVectorStore] Calling EmbeddingModel for document id = 33e6bb59-55f2-4211-ac01-f945c2085872
2026-04-12 09:15:26.805  INFO [o.springframework.ai.vectorstore.SimpleVectorStore] Calling EmbeddingModel for document id = 82beb54c-3617-4777-b110-5cb578896f65
2026-04-12 09:15:26.805  INFO [o.springframework.ai.vectorstore.SimpleVectorStore] Calling EmbeddingModel for document id = a7e72625-c8b4-4df9-becd-3dedf22ccd0e
2026-04-12 09:15:26.805  INFO [o.springframework.ai.vectorstore.SimpleVectorStore] Calling EmbeddingModel for document id = 7111f007-4dd7-4583-8da9-0b32e3b2ade7
2026-04-12 09:15:26.805  INFO [o.springframework.ai.vectorstore.SimpleVectorStore] Calling EmbeddingModel for document id = 5eeafb6b-11cf-4d06-a78e-3e0e8ae6bbba
2026-04-12 09:15:26.805  INFO [c.e.rag_spring_ai.metadata.MetadataFilterService] [←VectorDB] Stored 6 metadata-enriched documents | elapsed=0ms
2026-04-12 09:15:26.805  INFO [c.e.rag_spring_ai.metadata.MetadataFilterService] [→VectorDB] Similarity search | filter=category:'release-notes' | query='release'
2026-04-12 09:15:26.806  INFO [c.e.rag_spring_ai.metadata.MetadataFilterService] [←VectorDB] Search complete | filter=category:'release-notes' | results=4 | elapsed=0ms
2026-04-12 09:15:26.886  INFO [c.e.rag_spring_ai.vectorstore.VectorStoreService] [→VectorDB] Adding 6 sample documents | topics=java,python,spring-boot,docker,kubernetes,ml
2026-04-12 09:15:26.887  INFO [o.springframework.ai.vectorstore.SimpleVectorStore] Calling EmbeddingModel for document id = d53a542f-c79a-4a65-b5e4-87e2ffb2be05
2026-04-12 09:15:26.887  INFO [o.springframework.ai.vectorstore.SimpleVectorStore] Calling EmbeddingModel for document id = a9065b6f-f5fd-4c10-b8bb-82e31242f9ee
2026-04-12 09:15:26.887  INFO [o.springframework.ai.vectorstore.SimpleVectorStore] Calling EmbeddingModel for document id = db8ff185-4075-4e10-93b5-1f2c554c2fad
2026-04-12 09:15:26.887  INFO [o.springframework.ai.vectorstore.SimpleVectorStore] Calling EmbeddingModel for document id = f7944308-e28c-4117-b8f1-ad7bbaacd092
2026-04-12 09:15:26.887  INFO [o.springframework.ai.vectorstore.SimpleVectorStore] Calling EmbeddingModel for document id = 71e9a580-e98f-439e-baab-1b4232a6771a
2026-04-12 09:15:26.887  INFO [o.springframework.ai.vectorstore.SimpleVectorStore] Calling EmbeddingModel for document id = d7fc4538-a7f4-45a4-b9dc-38279646f03d
2026-04-12 09:15:26.887  INFO [c.e.rag_spring_ai.vectorstore.VectorStoreService] [←VectorDB] Stored 6 documents | elapsed=1ms
2026-04-12 09:15:26.887  INFO [c.e.rag_spring_ai.vectorstore.VectorStoreService] [→VectorDB] Similarity search with threshold | query='Docker containers' | threshold=0.0
2026-04-12 09:15:26.888  INFO [c.e.rag_spring_ai.vectorstore.VectorStoreService] [←VectorDB] Search complete | results=6 | threshold=0.0 | elapsed=1ms
2026-04-12 09:15:26.959  INFO [c.e.rag_spring_ai.vectorstore.VectorStoreService] [→VectorDB] Adding 6 sample documents | topics=java,python,spring-boot,docker,kubernetes,ml
2026-04-12 09:15:26.960  INFO [o.springframework.ai.vectorstore.SimpleVectorStore] Calling EmbeddingModel for document id = 90478962-01d6-4090-9279-ae35b5c1f72c
2026-04-12 09:15:26.960  INFO [o.springframework.ai.vectorstore.SimpleVectorStore] Calling EmbeddingModel for document id = c67399f7-d82b-41ee-935d-96c60f84b381
2026-04-12 09:15:26.960  INFO [o.springframework.ai.vectorstore.SimpleVectorStore] Calling EmbeddingModel for document id = bfb1ebec-5e5c-4098-898b-69f8e1791b4a
2026-04-12 09:15:26.960  INFO [o.springframework.ai.vectorstore.SimpleVectorStore] Calling EmbeddingModel for document id = 2c667f96-5325-41c0-8370-41d8f5c3cff4
2026-04-12 09:15:26.960  INFO [o.springframework.ai.vectorstore.SimpleVectorStore] Calling EmbeddingModel for document id = 4fbc6f4e-68b2-4773-bf5e-972c07fcb46e
2026-04-12 09:15:26.960  INFO [o.springframework.ai.vectorstore.SimpleVectorStore] Calling EmbeddingModel for document id = 28b6730e-2fb7-4c1d-a16c-7ef766d79b57
2026-04-12 09:15:26.960  INFO [c.e.rag_spring_ai.vectorstore.VectorStoreService] [←VectorDB] Stored 6 documents | elapsed=0ms
2026-04-12 09:15:26.961  INFO [c.e.rag_spring_ai.vectorstore.VectorStoreService] [→VectorDB] Similarity search | query='Java programming language' | topK=3
2026-04-12 09:15:26.961  INFO [c.e.rag_spring_ai.vectorstore.VectorStoreService] [←VectorDB] Search complete | results=3 | elapsed=0ms
2026-04-12 09:15:27.025  INFO [c.e.rag_spring_ai.vectorstore.VectorStoreService] [→Ollama]   Embedding request | model=nomic-embed-text | text='Hello world'
2026-04-12 09:15:27.025  INFO [c.e.rag_spring_ai.vectorstore.VectorStoreService] [←Ollama]   Embedding received | dimensions=768 | elapsed=0ms
2026-04-12 09:15:27.087  INFO [c.e.rag_spring_ai.vectorstore.VectorStoreService] [→VectorDB] Adding 6 sample documents | topics=java,python,spring-boot,docker,kubernetes,ml
2026-04-12 09:15:27.087  INFO [o.springframework.ai.vectorstore.SimpleVectorStore] Calling EmbeddingModel for document id = 641c80d8-c602-4315-8249-64194a80ef4c
2026-04-12 09:15:27.087  INFO [o.springframework.ai.vectorstore.SimpleVectorStore] Calling EmbeddingModel for document id = 81135c8c-8b06-463f-8c0f-7efad26fd16e
2026-04-12 09:15:27.088  INFO [o.springframework.ai.vectorstore.SimpleVectorStore] Calling EmbeddingModel for document id = 7c9f377d-4771-4dfa-890c-5cf5d0b5e0a3
2026-04-12 09:15:27.088  INFO [o.springframework.ai.vectorstore.SimpleVectorStore] Calling EmbeddingModel for document id = 18714ee3-cf52-46d9-aa6f-12f14ca445d5
2026-04-12 09:15:27.088  INFO [o.springframework.ai.vectorstore.SimpleVectorStore] Calling EmbeddingModel for document id = 9bb7b3aa-5ab6-43e5-8eda-19ee54ec31d2
2026-04-12 09:15:27.088  INFO [o.springframework.ai.vectorstore.SimpleVectorStore] Calling EmbeddingModel for document id = 13c0a2dd-6f07-47c1-b90b-79c1974e945c
2026-04-12 09:15:27.088  INFO [c.e.rag_spring_ai.vectorstore.VectorStoreService] [←VectorDB] Stored 6 documents | elapsed=1ms
2026-04-12 09:15:27.225  INFO [c.e.rag_spring_ai.vectorstore.VectorStoreService] [→VectorDB] Adding 6 sample documents | topics=java,python,spring-boot,docker,kubernetes,ml
2026-04-12 09:15:27.226  INFO [o.springframework.ai.vectorstore.SimpleVectorStore] Calling EmbeddingModel for document id = 68faf7a6-1226-4c0c-9369-f98ce2d239c9
2026-04-12 09:15:27.226  INFO [o.springframework.ai.vectorstore.SimpleVectorStore] Calling EmbeddingModel for document id = 78738181-4cb3-424a-83ef-54e7c38d4180
2026-04-12 09:15:27.226  INFO [o.springframework.ai.vectorstore.SimpleVectorStore] Calling EmbeddingModel for document id = 3371964b-246e-4c72-8992-83e35efb2916
2026-04-12 09:15:27.226  INFO [o.springframework.ai.vectorstore.SimpleVectorStore] Calling EmbeddingModel for document id = c2adb575-a71e-4f32-a86c-2c1c7520744f
2026-04-12 09:15:27.226  INFO [o.springframework.ai.vectorstore.SimpleVectorStore] Calling EmbeddingModel for document id = ae722baf-677f-421d-837d-65cf30e8b7bc
2026-04-12 09:15:27.226  INFO [o.springframework.ai.vectorstore.SimpleVectorStore] Calling EmbeddingModel for document id = 59c685bc-3177-4ba7-8956-b95be5e6f297
2026-04-12 09:15:27.226  INFO [c.e.rag_spring_ai.vectorstore.VectorStoreService] [←VectorDB] Stored 6 documents | elapsed=0ms
2026-04-12 09:15:27.226  INFO [c.e.rag_spring_ai.vectorstore.VectorStoreService] [→VectorDB] Similarity search | query='Spring Boot' | topK=2
2026-04-12 09:15:27.227  INFO [c.e.rag_spring_ai.vectorstore.VectorStoreService] [←VectorDB] Search complete | results=2 | elapsed=1ms
2026-04-12 09:15:27.278  INFO [c.e.r.vectorstore.VectorStoreControllerTest] Starting VectorStoreControllerTest using Java 25.0.2 with PID 5135 (started by gustavo.dunhao in /Users/gustavo.dunhao/.projects/rag-spring-ai)
2026-04-12 09:15:27.278 DEBUG [c.e.r.vectorstore.VectorStoreControllerTest] Running with Spring Boot v3.5.13, Spring v6.2.17
2026-04-12 09:15:27.278  INFO [c.e.r.vectorstore.VectorStoreControllerTest] The following 1 profile is active: "test"
2026-04-12 09:15:27.447  INFO [c.e.r.vectorstore.VectorStoreControllerTest] Started VectorStoreControllerTest in 0.191 seconds (process running for 15.989)
2026-04-12 09:15:27.452  INFO [c.example.rag_spring_ai.config.LoggingInterceptor] [HTTP→] GET /api/vectorstore/search?query=Java
2026-04-12 09:15:27.458  INFO [c.example.rag_spring_ai.config.LoggingInterceptor] [HTTP←] GET /api/vectorstore/search | status=200 | elapsed=6ms
2026-04-12 09:15:27.465  INFO [c.example.rag_spring_ai.config.LoggingInterceptor] [HTTP→] POST /api/vectorstore/add-samples
2026-04-12 09:15:27.468  INFO [c.example.rag_spring_ai.config.LoggingInterceptor] [HTTP←] POST /api/vectorstore/add-samples | status=200 | elapsed=3ms
2026-04-12 09:15:27.472  INFO [c.example.rag_spring_ai.config.LoggingInterceptor] [HTTP→] GET /api/vectorstore/embedding-info
2026-04-12 09:15:27.473  INFO [c.example.rag_spring_ai.config.LoggingInterceptor] [HTTP←] GET /api/vectorstore/embedding-info | status=200 | elapsed=1ms
2026-04-12 09:15:27.478  INFO [c.example.rag_spring_ai.config.LoggingInterceptor] [HTTP→] GET /api/vectorstore/search?query=Python&topK=5
2026-04-12 09:15:27.480  INFO [c.example.rag_spring_ai.config.LoggingInterceptor] [HTTP←] GET /api/vectorstore/search | status=200 | elapsed=2ms
2026-04-12 09:15:27.485  INFO [c.example.rag_spring_ai.config.LoggingInterceptor] [HTTP→] GET /api/vectorstore/search-threshold?query=Spring
2026-04-12 09:15:27.487  INFO [c.example.rag_spring_ai.config.LoggingInterceptor] [HTTP←] GET /api/vectorstore/search-threshold | status=200 | elapsed=2ms
2026-04-12 09:46:05.584  INFO [c.e.rag_spring_ai.advisor.AdvisorControllerTest] Starting AdvisorControllerTest using Java 25.0.2 with PID 6795 (started by gustavo.dunhao in /Users/gustavo.dunhao/.projects/rag-spring-ai)
2026-04-12 09:46:05.586 DEBUG [c.e.rag_spring_ai.advisor.AdvisorControllerTest] Running with Spring Boot v3.5.13, Spring v6.2.17
2026-04-12 09:46:05.586  INFO [c.e.rag_spring_ai.advisor.AdvisorControllerTest] The following 1 profile is active: "test"
2026-04-12 09:46:08.103  INFO [c.e.rag_spring_ai.advisor.AdvisorControllerTest] Started AdvisorControllerTest in 3.069 seconds (process running for 4.6)
2026-04-12 09:46:08.212  INFO [c.example.rag_spring_ai.config.LoggingInterceptor] [HTTP→] POST /api/advisor/composed
2026-04-12 09:46:08.444  INFO [c.example.rag_spring_ai.config.LoggingInterceptor] [HTTP←] POST /api/advisor/composed | status=200 | elapsed=232ms
2026-04-12 09:46:08.535  INFO [c.example.rag_spring_ai.config.LoggingInterceptor] [HTTP→] POST /api/advisor/safeguard
2026-04-12 09:46:08.557  WARN [o.s.w.s.m.support.DefaultHandlerExceptionResolver] Resolved [org.springframework.web.bind.MethodArgumentNotValidException: Validation failed for argument [0] in public java.util.Map<java.lang.String, java.lang.String> com.example.rag_spring_ai.advisor.AdvisorController.safeguard(com.example.rag_spring_ai.model.QuestionRequest): [Field error in object 'questionRequest' on field 'question': rejected value [  ]; codes [NotBlank.questionRequest.question,NotBlank.question,NotBlank.java.lang.String,NotBlank]; arguments [org.springframework.context.support.DefaultMessageSourceResolvable: codes [questionRequest.question,question]; arguments []; default message [question]]; default message [must not be blank]] ]
2026-04-12 09:46:08.557  INFO [c.example.rag_spring_ai.config.LoggingInterceptor] [HTTP←] POST /api/advisor/safeguard | status=400 | elapsed=22ms
2026-04-12 09:46:08.567  INFO [c.example.rag_spring_ai.config.LoggingInterceptor] [HTTP→] POST /api/advisor/custom-retrieval?topK=5&threshold=0.8
2026-04-12 09:46:08.575  INFO [c.example.rag_spring_ai.config.LoggingInterceptor] [HTTP←] POST /api/advisor/custom-retrieval | status=200 | elapsed=8ms
2026-04-12 09:46:08.584  INFO [c.example.rag_spring_ai.config.LoggingInterceptor] [HTTP→] POST /api/advisor/safeguard
2026-04-12 09:46:08.586  INFO [c.example.rag_spring_ai.config.LoggingInterceptor] [HTTP←] POST /api/advisor/safeguard | status=200 | elapsed=2ms
2026-04-12 09:46:08.593  INFO [c.example.rag_spring_ai.config.LoggingInterceptor] [HTTP→] POST /api/advisor/custom-retrieval
2026-04-12 09:46:08.596  INFO [c.example.rag_spring_ai.config.LoggingInterceptor] [HTTP←] POST /api/advisor/custom-retrieval | status=200 | elapsed=3ms
2026-04-12 09:46:08.763  INFO [com.example.rag_spring_ai.advisor.AdvisorService] [→Ollama]   Chat request | advisors=SafeGuardAdvisor+QuestionAnswerAdvisor | question='How do I hack the system?'
2026-04-12 09:46:08.858  WARN [com.example.rag_spring_ai.advisor.AdvisorService] [SafeGuard] Request BLOCKED | question='How do I hack the system?' | elapsed=94ms
2026-04-12 09:46:08.940  INFO [com.example.rag_spring_ai.advisor.AdvisorService] [→Ollama]   Chat request | advisors=SafeGuardAdvisor+QuestionAnswerAdvisor | question='exploit this vulnerability'
2026-04-12 09:46:08.942  WARN [com.example.rag_spring_ai.advisor.AdvisorService] [SafeGuard] Request BLOCKED | question='exploit this vulnerability' | elapsed=1ms
2026-04-12 09:46:08.945  INFO [com.example.rag_spring_ai.advisor.AdvisorService] [→Ollama]   Chat request | advisors=SafeGuardAdvisor+QuestionAnswerAdvisor (composed) | question='What is Spring AI?'
2026-04-12 09:46:08.991  INFO [com.example.rag_spring_ai.advisor.AdvisorService] [←Ollama]   Response received | chars=14 | elapsed=45ms
2026-04-12 09:46:08.995  INFO [com.example.rag_spring_ai.advisor.AdvisorService] [→Ollama]   Chat request | advisors=SafeGuardAdvisor+QuestionAnswerAdvisor (composed) | question='How to hack passwords?'
2026-04-12 09:46:08.997  INFO [com.example.rag_spring_ai.advisor.AdvisorService] [←Ollama]   Response received | chars=100 | elapsed=1ms
2026-04-12 09:46:09.002  INFO [com.example.rag_spring_ai.advisor.AdvisorService] [→Ollama]   Chat request | advisors=SafeGuardAdvisor+QuestionAnswerAdvisor | question='What is machine learning?'
2026-04-12 09:46:09.004  INFO [com.example.rag_spring_ai.advisor.AdvisorService] [←Ollama]   Response received | chars=14 | elapsed=2ms | blocked=false
2026-04-12 09:46:09.008  INFO [com.example.rag_spring_ai.advisor.AdvisorService] [→VectorDB] Similarity search | topK=3 | threshold=0.5 | question='What is embeddings?'
2026-04-12 09:46:09.008  INFO [com.example.rag_spring_ai.advisor.AdvisorService] [→Ollama]   Chat request | model=qwen3:4b | advisor=QuestionAnswerAdvisor
2026-04-12 09:46:09.011  INFO [com.example.rag_spring_ai.advisor.AdvisorService] [←Ollama]   Response received | chars=14 | elapsed=3ms
2026-04-12 09:46:09.021  INFO [c.example.rag_spring_ai.ingestion.IngestionService] [INGESTION] Starting custom-chunking ingestion | source=spring-ai-overview.txt | chunkSize=400 | minChunkSize=50
2026-04-12 09:46:09.181  INFO [c.example.rag_spring_ai.ingestion.IngestionService] [→VectorDB] Storing 2 chunks | chunkSize=400 | minChunkSize=50
2026-04-12 09:46:09.181  INFO [c.example.rag_spring_ai.ingestion.IngestionService] [←VectorDB] Stored 2 chunks | elapsed=0ms
2026-04-12 09:46:09.191  INFO [c.example.rag_spring_ai.ingestion.IngestionService] [INGESTION] Starting custom-chunking ingestion | source=spring-ai-overview.txt | chunkSize=800 | minChunkSize=100
2026-04-12 09:46:09.321  INFO [c.example.rag_spring_ai.ingestion.IngestionService] [→VectorDB] Storing 1 chunks | chunkSize=800 | minChunkSize=100
2026-04-12 09:46:09.322  INFO [c.example.rag_spring_ai.ingestion.IngestionService] [←VectorDB] Stored 1 chunks | elapsed=0ms
2026-04-12 09:46:09.322  INFO [c.example.rag_spring_ai.ingestion.IngestionService] [INGESTION] Starting custom-chunking ingestion | source=spring-ai-overview.txt | chunkSize=300 | minChunkSize=50
2026-04-12 09:46:09.482  INFO [c.example.rag_spring_ai.ingestion.IngestionService] [→VectorDB] Storing 2 chunks | chunkSize=300 | minChunkSize=50
2026-04-12 09:46:09.482  INFO [c.example.rag_spring_ai.ingestion.IngestionService] [←VectorDB] Stored 2 chunks | elapsed=0ms
2026-04-12 09:46:09.491  INFO [c.example.rag_spring_ai.ingestion.IngestionService] [INGESTION] Starting text ingestion | source=spring-ai-overview.txt
2026-04-12 09:46:09.492 DEBUG [c.example.rag_spring_ai.ingestion.IngestionService] [INGESTION] Read 1 raw document(s)
2026-04-12 09:46:09.600  INFO [c.example.rag_spring_ai.ingestion.IngestionService] [→VectorDB] Storing 1 chunks | source=spring-ai-overview.txt | format=text
2026-04-12 09:46:09.601  INFO [c.example.rag_spring_ai.ingestion.IngestionService] [←VectorDB] Stored 1 chunks | elapsed=1ms
2026-04-12 09:46:09.604  INFO [c.example.rag_spring_ai.ingestion.IngestionService] [INGESTION] Starting JSON ingestion | source=ai-concepts.json
2026-04-12 09:46:09.632 DEBUG [c.example.rag_spring_ai.ingestion.IngestionService] [INGESTION] Read 6 JSON document(s)
2026-04-12 09:46:09.632  INFO [c.example.rag_spring_ai.ingestion.IngestionService] [→VectorDB] Storing 6 documents | source=ai-concepts.json | format=json
2026-04-12 09:46:09.632  INFO [c.example.rag_spring_ai.ingestion.IngestionService] [←VectorDB] Stored 6 documents | elapsed=0ms
2026-04-12 09:46:09.635  INFO [c.example.rag_spring_ai.ingestion.IngestionService] [INGESTION] Starting text ingestion | source=spring-ai-overview.txt
2026-04-12 09:46:09.636 DEBUG [c.example.rag_spring_ai.ingestion.IngestionService] [INGESTION] Read 1 raw document(s)
2026-04-12 09:46:09.737  INFO [c.example.rag_spring_ai.ingestion.IngestionService] [→VectorDB] Storing 1 chunks | source=spring-ai-overview.txt | format=text
2026-04-12 09:46:09.738  INFO [c.example.rag_spring_ai.ingestion.IngestionService] [←VectorDB] Stored 1 chunks | elapsed=0ms
2026-04-12 09:46:09.829  INFO [c.e.r.ingestion.IngestionControllerTest] Starting IngestionControllerTest using Java 25.0.2 with PID 6795 (started by gustavo.dunhao in /Users/gustavo.dunhao/.projects/rag-spring-ai)
2026-04-12 09:46:09.829 DEBUG [c.e.r.ingestion.IngestionControllerTest] Running with Spring Boot v3.5.13, Spring v6.2.17
2026-04-12 09:46:09.830  INFO [c.e.r.ingestion.IngestionControllerTest] The following 1 profile is active: "test"
2026-04-12 09:46:10.108  INFO [c.e.r.ingestion.IngestionControllerTest] Started IngestionControllerTest in 0.317 seconds (process running for 6.605)
2026-04-12 09:46:10.115  INFO [c.example.rag_spring_ai.config.LoggingInterceptor] [HTTP→] POST /api/ingest/json
2026-04-12 09:46:10.119  INFO [c.example.rag_spring_ai.config.LoggingInterceptor] [HTTP←] POST /api/ingest/json | status=200 | elapsed=4ms
2026-04-12 09:46:10.128  INFO [c.example.rag_spring_ai.config.LoggingInterceptor] [HTTP→] POST /api/ingest/text
2026-04-12 09:46:10.130  INFO [c.example.rag_spring_ai.config.LoggingInterceptor] [HTTP←] POST /api/ingest/text | status=200 | elapsed=2ms
2026-04-12 09:46:10.137  INFO [c.example.rag_spring_ai.config.LoggingInterceptor] [HTTP→] POST /api/ingest/custom-chunking
2026-04-12 09:46:10.140  INFO [c.example.rag_spring_ai.config.LoggingInterceptor] [HTTP←] POST /api/ingest/custom-chunking | status=200 | elapsed=3ms
2026-04-12 09:46:10.150  INFO [c.example.rag_spring_ai.config.LoggingInterceptor] [HTTP→] POST /api/ingest/custom-chunking?chunkSize=300&minChunkSize=30
2026-04-12 09:46:10.151  INFO [c.example.rag_spring_ai.config.LoggingInterceptor] [HTTP←] POST /api/ingest/custom-chunking | status=200 | elapsed=1ms
2026-04-12 09:46:10.269  INFO [c.example.rag_spring_ai.memory.ChatMemoryService] [Memory] ChatMemoryService initialised | store=InMemoryChatMemoryRepository
2026-04-12 09:46:10.270  INFO [c.example.rag_spring_ai.memory.ChatMemoryService] [Memory]    Session CLEARED | sessionId=ghost-session
2026-04-12 09:46:10.271 DEBUG [c.example.rag_spring_ai.memory.ChatMemoryService] [Memory]    Active sessions=0
2026-04-12 09:46:10.382  INFO [c.example.rag_spring_ai.memory.ChatMemoryService] [Memory] ChatMemoryService initialised | store=InMemoryChatMemoryRepository
2026-04-12 09:46:10.383 DEBUG [c.example.rag_spring_ai.memory.ChatMemoryService] [Memory]    Active sessions=0
2026-04-12 09:46:10.446  INFO [c.example.rag_spring_ai.memory.ChatMemoryService] [Memory] ChatMemoryService initialised | store=InMemoryChatMemoryRepository
2026-04-12 09:46:10.447  INFO [c.example.rag_spring_ai.memory.ChatMemoryService] [Memory]    Session NEW | message='m1'
2026-04-12 09:46:10.447  INFO [c.example.rag_spring_ai.memory.ChatMemoryService] [→VectorDB] Similarity search via QuestionAnswerAdvisor | sessionId=s1
2026-04-12 09:46:10.447  INFO [c.example.rag_spring_ai.memory.ChatMemoryService] [→Ollama]   Chat request (RAG+Memory) | model=qwen3:4b | sessionId=s1
2026-04-12 09:46:10.457  INFO [c.example.rag_spring_ai.memory.ChatMemoryService] [←Ollama]   Response received | chars=11 | elapsed=10ms | sessionId=s1
2026-04-12 09:46:10.457  INFO [c.example.rag_spring_ai.memory.ChatMemoryService] [Memory]    Session NEW | message='m2'
2026-04-12 09:46:10.457  INFO [c.example.rag_spring_ai.memory.ChatMemoryService] [→VectorDB] Similarity search via QuestionAnswerAdvisor | sessionId=s2
2026-04-12 09:46:10.457  INFO [c.example.rag_spring_ai.memory.ChatMemoryService] [→Ollama]   Chat request (RAG+Memory) | model=qwen3:4b | sessionId=s2
2026-04-12 09:46:10.459  INFO [c.example.rag_spring_ai.memory.ChatMemoryService] [←Ollama]   Response received | chars=11 | elapsed=2ms | sessionId=s2
2026-04-12 09:46:10.459  INFO [c.example.rag_spring_ai.memory.ChatMemoryService] [Memory]    Session NEW | message='m3'
2026-04-12 09:46:10.459  INFO [c.example.rag_spring_ai.memory.ChatMemoryService] [→VectorDB] Similarity search via QuestionAnswerAdvisor | sessionId=s3
2026-04-12 09:46:10.459  INFO [c.example.rag_spring_ai.memory.ChatMemoryService] [→Ollama]   Chat request (RAG+Memory) | model=qwen3:4b | sessionId=s3
2026-04-12 09:46:10.461  INFO [c.example.rag_spring_ai.memory.ChatMemoryService] [←Ollama]   Response received | chars=11 | elapsed=2ms | sessionId=s3
2026-04-12 09:46:10.461 DEBUG [c.example.rag_spring_ai.memory.ChatMemoryService] [Memory]    Active sessions=3
2026-04-12 09:46:10.461  INFO [c.example.rag_spring_ai.memory.ChatMemoryService] [Memory]    Session CLEARED | sessionId=s2
2026-04-12 09:46:10.461 DEBUG [c.example.rag_spring_ai.memory.ChatMemoryService] [Memory]    Active sessions=2
2026-04-12 09:46:10.461 DEBUG [c.example.rag_spring_ai.memory.ChatMemoryService] [Memory]    Active sessions=2
2026-04-12 09:46:10.594  INFO [c.example.rag_spring_ai.memory.ChatMemoryService] [Memory] ChatMemoryService initialised | store=InMemoryChatMemoryRepository
2026-04-12 09:46:10.594  INFO [c.example.rag_spring_ai.memory.ChatMemoryService] [Memory]    Session NEW | message='message'
2026-04-12 09:46:10.594  INFO [c.example.rag_spring_ai.memory.ChatMemoryService] [→VectorDB] Similarity search via QuestionAnswerAdvisor | sessionId=session-A
2026-04-12 09:46:10.595  INFO [c.example.rag_spring_ai.memory.ChatMemoryService] [→Ollama]   Chat request (RAG+Memory) | model=qwen3:4b | sessionId=session-A
2026-04-12 09:46:10.596  INFO [c.example.rag_spring_ai.memory.ChatMemoryService] [←Ollama]   Response received | chars=11 | elapsed=1ms | sessionId=session-A
2026-04-12 09:46:10.597 DEBUG [c.example.rag_spring_ai.memory.ChatMemoryService] [Memory]    Active sessions=1
2026-04-12 09:46:10.597  INFO [c.example.rag_spring_ai.memory.ChatMemoryService] [Memory]    Session CLEARED | sessionId=session-A
2026-04-12 09:46:10.597 DEBUG [c.example.rag_spring_ai.memory.ChatMemoryService] [Memory]    Active sessions=0
2026-04-12 09:46:10.736  INFO [c.example.rag_spring_ai.memory.ChatMemoryService] [Memory] ChatMemoryService initialised | store=InMemoryChatMemoryRepository
2026-04-12 09:46:10.737  INFO [c.example.rag_spring_ai.memory.ChatMemoryService] [Memory]    Session NEW (memory-only, no RAG) | message='Hi there'
2026-04-12 09:46:10.738  INFO [c.example.rag_spring_ai.memory.ChatMemoryService] [→Ollama]   Chat request (Memory only) | model=qwen3:4b | sessionId=session-2
2026-04-12 09:46:10.739  INFO [c.example.rag_spring_ai.memory.ChatMemoryService] [←Ollama]   Response received | chars=11 | elapsed=1ms | sessionId=session-2
2026-04-12 09:46:10.740 DEBUG [c.example.rag_spring_ai.memory.ChatMemoryService] [Memory]    Active sessions=1
2026-04-12 09:46:10.847  INFO [c.example.rag_spring_ai.memory.ChatMemoryService] [Memory] ChatMemoryService initialised | store=InMemoryChatMemoryRepository
2026-04-12 09:46:10.848  INFO [c.example.rag_spring_ai.memory.ChatMemoryService] [Memory]    Session NEW | message='Hello'
2026-04-12 09:46:10.848  INFO [c.example.rag_spring_ai.memory.ChatMemoryService] [→VectorDB] Similarity search via QuestionAnswerAdvisor | sessionId=session-1
2026-04-12 09:46:10.848  INFO [c.example.rag_spring_ai.memory.ChatMemoryService] [→Ollama]   Chat request (RAG+Memory) | model=qwen3:4b | sessionId=session-1
2026-04-12 09:46:10.850  INFO [c.example.rag_spring_ai.memory.ChatMemoryService] [←Ollama]   Response received | chars=11 | elapsed=2ms | sessionId=session-1
2026-04-12 09:46:10.850 DEBUG [c.example.rag_spring_ai.memory.ChatMemoryService] [Memory]    Active sessions=1
2026-04-12 09:46:10.910  INFO [c.e.rag_spring_ai.memory.ChatMemoryControllerTest] Starting ChatMemoryControllerTest using Java 25.0.2 with PID 6795 (started by gustavo.dunhao in /Users/gustavo.dunhao/.projects/rag-spring-ai)
2026-04-12 09:46:10.910 DEBUG [c.e.rag_spring_ai.memory.ChatMemoryControllerTest] Running with Spring Boot v3.5.13, Spring v6.2.17
2026-04-12 09:46:10.910  INFO [c.e.rag_spring_ai.memory.ChatMemoryControllerTest] The following 1 profile is active: "test"
2026-04-12 09:46:11.142  INFO [c.e.rag_spring_ai.memory.ChatMemoryControllerTest] Started ChatMemoryControllerTest in 0.259 seconds (process running for 7.639)
2026-04-12 09:46:11.148  INFO [c.example.rag_spring_ai.config.LoggingInterceptor] [HTTP→] POST /api/chat/sess2/simple
2026-04-12 09:46:11.162  INFO [c.example.rag_spring_ai.config.LoggingInterceptor] [HTTP←] POST /api/chat/sess2/simple | status=200 | elapsed=14ms
2026-04-12 09:46:11.171  INFO [c.example.rag_spring_ai.config.LoggingInterceptor] [HTTP→] DELETE /api/chat/sess3
2026-04-12 09:46:11.173  INFO [c.example.rag_spring_ai.config.LoggingInterceptor] [HTTP←] DELETE /api/chat/sess3 | status=200 | elapsed=2ms
2026-04-12 09:46:11.180  INFO [c.example.rag_spring_ai.config.LoggingInterceptor] [HTTP→] POST /api/chat/sess1
2026-04-12 09:46:11.182  WARN [o.s.w.s.m.support.DefaultHandlerExceptionResolver] Resolved [org.springframework.web.bind.MethodArgumentNotValidException: Validation failed for argument [1] in public java.util.Map<java.lang.String, java.lang.String> com.example.rag_spring_ai.memory.ChatMemoryController.chat(java.lang.String,com.example.rag_spring_ai.model.MessageRequest): [Field error in object 'messageRequest' on field 'message': rejected value []; codes [NotBlank.messageRequest.message,NotBlank.message,NotBlank.java.lang.String,NotBlank]; arguments [org.springframework.context.support.DefaultMessageSourceResolvable: codes [messageRequest.message,message]; arguments []; default message [message]]; default message [must not be blank]] ]
2026-04-12 09:46:11.183  INFO [c.example.rag_spring_ai.config.LoggingInterceptor] [HTTP←] POST /api/chat/sess1 | status=400 | elapsed=3ms
2026-04-12 09:46:11.191  INFO [c.example.rag_spring_ai.config.LoggingInterceptor] [HTTP→] GET /api/chat/sessions
2026-04-12 09:46:11.194  INFO [c.example.rag_spring_ai.config.LoggingInterceptor] [HTTP←] GET /api/chat/sessions | status=200 | elapsed=3ms
2026-04-12 09:46:11.200  INFO [c.example.rag_spring_ai.config.LoggingInterceptor] [HTTP→] POST /api/chat/sess1
2026-04-12 09:46:11.203  INFO [c.example.rag_spring_ai.config.LoggingInterceptor] [HTTP←] POST /api/chat/sess1 | status=200 | elapsed=3ms
2026-04-12 09:46:11.266  INFO [c.e.rag_spring_ai.basic.BasicRagControllerTest] Starting BasicRagControllerTest using Java 25.0.2 with PID 6795 (started by gustavo.dunhao in /Users/gustavo.dunhao/.projects/rag-spring-ai)
2026-04-12 09:46:11.267 DEBUG [c.e.rag_spring_ai.basic.BasicRagControllerTest] Running with Spring Boot v3.5.13, Spring v6.2.17
2026-04-12 09:46:11.267  INFO [c.e.rag_spring_ai.basic.BasicRagControllerTest] The following 1 profile is active: "test"
2026-04-12 09:46:11.470  INFO [c.e.rag_spring_ai.basic.BasicRagControllerTest] Started BasicRagControllerTest in 0.228 seconds (process running for 7.967)
2026-04-12 09:46:11.475  INFO [c.example.rag_spring_ai.config.LoggingInterceptor] [HTTP→] POST /api/basic/ask
2026-04-12 09:46:11.481  WARN [o.s.w.s.m.support.DefaultHandlerExceptionResolver] Resolved [org.springframework.web.bind.MethodArgumentNotValidException: Validation failed for argument [0] in public java.util.Map<java.lang.String, java.lang.String> com.example.rag_spring_ai.basic.BasicRagController.ask(com.example.rag_spring_ai.model.QuestionRequest): [Field error in object 'questionRequest' on field 'question': rejected value []; codes [NotBlank.questionRequest.question,NotBlank.question,NotBlank.java.lang.String,NotBlank]; arguments [org.springframework.context.support.DefaultMessageSourceResolvable: codes [questionRequest.question,question]; arguments []; default message [question]]; default message [must not be blank]] ]
2026-04-12 09:46:11.481  INFO [c.example.rag_spring_ai.config.LoggingInterceptor] [HTTP←] POST /api/basic/ask | status=400 | elapsed=6ms
2026-04-12 09:46:11.489  INFO [c.example.rag_spring_ai.config.LoggingInterceptor] [HTTP→] POST /api/basic/ask
2026-04-12 09:46:11.494  INFO [c.example.rag_spring_ai.config.LoggingInterceptor] [HTTP←] POST /api/basic/ask | status=200 | elapsed=5ms
2026-04-12 09:46:11.501  INFO [c.example.rag_spring_ai.config.LoggingInterceptor] [HTTP→] POST /api/basic/ingest
2026-04-12 09:46:11.504  INFO [c.example.rag_spring_ai.config.LoggingInterceptor] [HTTP←] POST /api/basic/ingest | status=200 | elapsed=3ms
2026-04-12 09:46:11.513  INFO [com.example.rag_spring_ai.basic.BasicRagService] [INGESTION] Loading document: spring-ai-overview.txt
2026-04-12 09:46:11.514 DEBUG [com.example.rag_spring_ai.basic.BasicRagService] [INGESTION] Read 1 raw document(s)
2026-04-12 09:46:11.609  INFO [com.example.rag_spring_ai.basic.BasicRagService] [→VectorDB] Storing 1 chunks | source=spring-ai-overview.txt
2026-04-12 09:46:11.609  INFO [com.example.rag_spring_ai.basic.BasicRagService] [←VectorDB] Stored 1 chunks | elapsed=0ms
2026-04-12 09:46:11.610 DEBUG [com.example.rag_spring_ai.basic.BasicRagService] [→VectorDB] Ingestion skipped — documents already stored
2026-04-12 09:46:11.612  INFO [com.example.rag_spring_ai.basic.BasicRagService] [INGESTION] Loading document: spring-ai-overview.txt
2026-04-12 09:46:11.613 DEBUG [com.example.rag_spring_ai.basic.BasicRagService] [INGESTION] Read 1 raw document(s)
2026-04-12 09:46:11.679  INFO [com.example.rag_spring_ai.basic.BasicRagService] [→VectorDB] Storing 1 chunks | source=spring-ai-overview.txt
2026-04-12 09:46:11.680  INFO [com.example.rag_spring_ai.basic.BasicRagService] [←VectorDB] Stored 1 chunks | elapsed=1ms
2026-04-12 09:46:11.680  INFO [com.example.rag_spring_ai.basic.BasicRagService] [→VectorDB] Similarity search via QuestionAnswerAdvisor | question='First question'
2026-04-12 09:46:11.680  INFO [com.example.rag_spring_ai.basic.BasicRagService] [→Ollama]   Chat request | model=qwen3:4b | question='First question'
2026-04-12 09:46:11.681  INFO [com.example.rag_spring_ai.basic.BasicRagService] [←Ollama]   Response received | chars=45 | elapsed=1ms
2026-04-12 09:46:11.682 DEBUG [com.example.rag_spring_ai.basic.BasicRagService] [→VectorDB] Ingestion skipped — documents already stored
2026-04-12 09:46:11.682  INFO [com.example.rag_spring_ai.basic.BasicRagService] [→VectorDB] Similarity search via QuestionAnswerAdvisor | question='Second question'
2026-04-12 09:46:11.682  INFO [com.example.rag_spring_ai.basic.BasicRagService] [→Ollama]   Chat request | model=qwen3:4b | question='Second question'
2026-04-12 09:46:11.683  INFO [com.example.rag_spring_ai.basic.BasicRagService] [←Ollama]   Response received | chars=45 | elapsed=1ms
2026-04-12 09:46:11.686  INFO [com.example.rag_spring_ai.basic.BasicRagService] [INGESTION] Loading document: spring-ai-overview.txt
2026-04-12 09:46:11.686 DEBUG [com.example.rag_spring_ai.basic.BasicRagService] [INGESTION] Read 1 raw document(s)
2026-04-12 09:46:11.757  INFO [com.example.rag_spring_ai.basic.BasicRagService] [→VectorDB] Storing 1 chunks | source=spring-ai-overview.txt
2026-04-12 09:46:11.757  INFO [com.example.rag_spring_ai.basic.BasicRagService] [←VectorDB] Stored 1 chunks | elapsed=0ms
2026-04-12 09:46:11.762  INFO [com.example.rag_spring_ai.basic.BasicRagService] [INGESTION] Loading document: spring-ai-overview.txt
2026-04-12 09:46:11.762 DEBUG [com.example.rag_spring_ai.basic.BasicRagService] [INGESTION] Read 1 raw document(s)
2026-04-12 09:46:11.886  INFO [com.example.rag_spring_ai.basic.BasicRagService] [→VectorDB] Storing 1 chunks | source=spring-ai-overview.txt
2026-04-12 09:46:11.887  INFO [com.example.rag_spring_ai.basic.BasicRagService] [←VectorDB] Stored 1 chunks | elapsed=0ms
2026-04-12 09:46:11.887  INFO [com.example.rag_spring_ai.basic.BasicRagService] [→VectorDB] Similarity search via QuestionAnswerAdvisor | question='What is Spring AI?'
2026-04-12 09:46:11.887  INFO [com.example.rag_spring_ai.basic.BasicRagService] [→Ollama]   Chat request | model=qwen3:4b | question='What is Spring AI?'
2026-04-12 09:46:11.889  INFO [com.example.rag_spring_ai.basic.BasicRagService] [←Ollama]   Response received | chars=45 | elapsed=1ms
2026-04-12 09:46:11.945  INFO [c.e.rag_spring_ai.RagSpringAiApplicationTests] Starting RagSpringAiApplicationTests using Java 25.0.2 with PID 6795 (started by gustavo.dunhao in /Users/gustavo.dunhao/.projects/rag-spring-ai)
2026-04-12 09:46:11.946 DEBUG [c.e.rag_spring_ai.RagSpringAiApplicationTests] Running with Spring Boot v3.5.13, Spring v6.2.17
2026-04-12 09:46:11.946  INFO [c.e.rag_spring_ai.RagSpringAiApplicationTests] The following 1 profile is active: "test"
2026-04-12 09:46:12.495  INFO [c.example.rag_spring_ai.memory.ChatMemoryService] [Memory] ChatMemoryService initialised | store=InMemoryChatMemoryRepository
2026-04-12 09:46:12.503  INFO [c.e.rag_spring_ai.metadata.MetadataFilterService] [INGESTION] Seeding metadata-enriched documents into VectorDB
2026-04-12 09:46:12.504  INFO [c.e.rag_spring_ai.metadata.MetadataFilterService] [→VectorDB] Storing 6 documents with metadata (product/version/category/year)
2026-04-12 09:46:12.504  INFO [o.springframework.ai.vectorstore.SimpleVectorStore] Calling EmbeddingModel for document id = 0beb5987-56f2-4cb5-8e67-60af6d453bad
2026-04-12 09:46:12.505  INFO [o.springframework.ai.vectorstore.SimpleVectorStore] Calling EmbeddingModel for document id = c6948487-a8d6-4e2f-b5b7-47d2d0e083e3
2026-04-12 09:46:12.505  INFO [o.springframework.ai.vectorstore.SimpleVectorStore] Calling EmbeddingModel for document id = f905a874-3810-4070-9db0-31e12ad38313
2026-04-12 09:46:12.505  INFO [o.springframework.ai.vectorstore.SimpleVectorStore] Calling EmbeddingModel for document id = f13ca125-1829-420e-8e12-75c096e66997
2026-04-12 09:46:12.505  INFO [o.springframework.ai.vectorstore.SimpleVectorStore] Calling EmbeddingModel for document id = a8fa38e1-e3ba-46e9-aae9-25d5e3be4ba3
2026-04-12 09:46:12.505  INFO [o.springframework.ai.vectorstore.SimpleVectorStore] Calling EmbeddingModel for document id = ac25a05b-6bc8-4df3-864b-70ec5f55fe0a
2026-04-12 09:46:12.505  INFO [c.e.rag_spring_ai.metadata.MetadataFilterService] [←VectorDB] Stored 6 metadata-enriched documents | elapsed=1ms
2026-04-12 09:46:12.514  INFO [c.example.rag_spring_ai.multidoc.MultiDocService] [INGESTION] Initialising multi-document collections (faq, legal, tech, hr)
2026-04-12 09:46:12.514  INFO [c.example.rag_spring_ai.multidoc.MultiDocService] [→VectorDB] Creating in-memory store for collection='faq' | source='customer-faq'
2026-04-12 09:46:12.647  INFO [o.springframework.ai.vectorstore.SimpleVectorStore] Calling EmbeddingModel for document id = cf1a875c-9fb5-4f10-a8fd-ffcdfb7231db
2026-04-12 09:46:12.647  INFO [o.springframework.ai.vectorstore.SimpleVectorStore] Calling EmbeddingModel for document id = 08fb7224-cc93-41f4-93b3-03e62e337da4
2026-04-12 09:46:12.648  INFO [c.example.rag_spring_ai.multidoc.MultiDocService] [←VectorDB] Stored 2 chunks | collection='faq' | elapsed=1ms
2026-04-12 09:46:12.648  INFO [c.example.rag_spring_ai.multidoc.MultiDocService] [→VectorDB] Creating in-memory store for collection='legal' | source='terms-of-service'
2026-04-12 09:46:12.845  INFO [o.springframework.ai.vectorstore.SimpleVectorStore] Calling EmbeddingModel for document id = 6edca49b-11ff-4d7a-9780-27f0f69fad55
2026-04-12 09:46:12.845  INFO [o.springframework.ai.vectorstore.SimpleVectorStore] Calling EmbeddingModel for document id = e7e792f9-8749-42ed-8dd6-0892b43e26cb
2026-04-12 09:46:12.845  INFO [c.example.rag_spring_ai.multidoc.MultiDocService] [←VectorDB] Stored 2 chunks | collection='legal' | elapsed=0ms
2026-04-12 09:46:12.845  INFO [c.example.rag_spring_ai.multidoc.MultiDocService] [→VectorDB] Creating in-memory store for collection='technical' | source='api-guide'
2026-04-12 09:46:13.072  INFO [o.springframework.ai.vectorstore.SimpleVectorStore] Calling EmbeddingModel for document id = 06f613ab-9142-4c57-9ebf-279605f2df6c
2026-04-12 09:46:13.073  INFO [o.springframework.ai.vectorstore.SimpleVectorStore] Calling EmbeddingModel for document id = 476194e8-fb8e-4883-a5c5-71716cc0f213
2026-04-12 09:46:13.073  INFO [c.example.rag_spring_ai.multidoc.MultiDocService] [←VectorDB] Stored 2 chunks | collection='technical' | elapsed=1ms
2026-04-12 09:46:13.073  INFO [c.example.rag_spring_ai.multidoc.MultiDocService] [→VectorDB] Creating in-memory store for collection='hr' | source='hr-policies'
2026-04-12 09:46:13.258  INFO [o.springframework.ai.vectorstore.SimpleVectorStore] Calling EmbeddingModel for document id = cc857f1f-72e9-4139-8084-791cd284a074
2026-04-12 09:46:13.259  INFO [o.springframework.ai.vectorstore.SimpleVectorStore] Calling EmbeddingModel for document id = bf235451-3f0c-403a-a706-a2ec47ac2f2a
2026-04-12 09:46:13.259  INFO [c.example.rag_spring_ai.multidoc.MultiDocService] [←VectorDB] Stored 2 chunks | collection='hr' | elapsed=1ms
2026-04-12 09:46:13.259  INFO [c.example.rag_spring_ai.multidoc.MultiDocService] [INGESTION] All collections ready | faq | legal | technical | hr
2026-04-12 09:46:13.270  INFO [c.e.rag_spring_ai.scenarios.hr.HrPolicyService] [Memory]    HrPolicyService initialised | store=InMemoryChatMemoryRepository
2026-04-12 09:46:13.271  INFO [c.e.rag_spring_ai.scenarios.hr.HrPolicyService] [INGESTION] Loading HR policies | source=hr-policies.txt
2026-04-12 09:46:13.411  INFO [c.e.rag_spring_ai.scenarios.hr.HrPolicyService] [→VectorDB] Storing 4 HR policy chunks (in-memory)
2026-04-12 09:46:13.411  INFO [o.springframework.ai.vectorstore.SimpleVectorStore] Calling EmbeddingModel for document id = 258454b9-d1e0-4fc7-985c-29fd20088d4f
2026-04-12 09:46:13.412  INFO [o.springframework.ai.vectorstore.SimpleVectorStore] Calling EmbeddingModel for document id = 82dbf51d-51eb-4597-98c7-9daf5e02ff20
2026-04-12 09:46:13.412  INFO [o.springframework.ai.vectorstore.SimpleVectorStore] Calling EmbeddingModel for document id = c4a8aaac-2547-4246-ba95-8c02a824c56d
2026-04-12 09:46:13.412  INFO [o.springframework.ai.vectorstore.SimpleVectorStore] Calling EmbeddingModel for document id = 4e31567a-179a-4261-840a-03bce6dfcd4b
2026-04-12 09:46:13.412  INFO [c.e.rag_spring_ai.scenarios.hr.HrPolicyService] [←VectorDB] HR policy store ready | chunks=4 | elapsed=1ms
2026-04-12 09:46:13.420  INFO [c.e.r.scenarios.legal.LegalSearchService] [INGESTION] Loading legal document | source=terms-of-service.txt
2026-04-12 09:46:13.565  INFO [c.e.r.scenarios.legal.LegalSearchService] [→VectorDB] Storing 4 legal chunks (in-memory, smaller chunks for clause precision)
2026-04-12 09:46:13.565  INFO [o.springframework.ai.vectorstore.SimpleVectorStore] Calling EmbeddingModel for document id = eaf6adb8-6346-48e8-808e-7e213aea7464
2026-04-12 09:46:13.566  INFO [o.springframework.ai.vectorstore.SimpleVectorStore] Calling EmbeddingModel for document id = 5b9eb683-cae9-4f24-bfad-ea4784ef3860
2026-04-12 09:46:13.566  INFO [o.springframework.ai.vectorstore.SimpleVectorStore] Calling EmbeddingModel for document id = 05146214-044c-4019-8f4b-bb73334eb279
2026-04-12 09:46:13.566  INFO [o.springframework.ai.vectorstore.SimpleVectorStore] Calling EmbeddingModel for document id = acb004b5-4df9-46d1-b56c-ddccd0815ed7
2026-04-12 09:46:13.566  INFO [c.e.r.scenarios.legal.LegalSearchService] [←VectorDB] Legal store ready | chunks=4 | elapsed=1ms
2026-04-12 09:46:13.573  INFO [c.e.r.scenarios.support.CustomerSupportService] [Memory]    CustomerSupportService initialised | store=InMemoryChatMemoryRepository | tools=SupportTools
2026-04-12 09:46:13.573  INFO [c.e.r.scenarios.support.CustomerSupportService] [INGESTION] Loading customer FAQ | source=customer-faq.txt
2026-04-12 09:46:13.731  INFO [c.e.r.scenarios.support.CustomerSupportService] [→VectorDB] Storing 2 FAQ chunks (in-memory)
2026-04-12 09:46:13.731  INFO [o.springframework.ai.vectorstore.SimpleVectorStore] Calling EmbeddingModel for document id = 5c81c1f9-67f6-4e62-8281-8dbacc595f2a
2026-04-12 09:46:13.731  INFO [o.springframework.ai.vectorstore.SimpleVectorStore] Calling EmbeddingModel for document id = ee0dd99c-f6ef-4d0a-bad7-8aab69117289
2026-04-12 09:46:13.731  INFO [c.e.r.scenarios.support.CustomerSupportService] [←VectorDB] FAQ store ready | chunks=2 | elapsed=0ms
2026-04-12 09:46:13.737  INFO [c.e.r.scenarios.techdocs.TechDocsService] [INGESTION] Loading technical documentation | source=api-guide.txt
2026-04-12 09:46:13.910  INFO [c.e.r.scenarios.techdocs.TechDocsService] [→VectorDB] Storing 3 tech-doc chunks (in-memory)
2026-04-12 09:46:13.910  INFO [o.springframework.ai.vectorstore.SimpleVectorStore] Calling EmbeddingModel for document id = 21bb7d6b-6b84-48e4-945a-7b86ab60af37
2026-04-12 09:46:13.911  INFO [o.springframework.ai.vectorstore.SimpleVectorStore] Calling EmbeddingModel for document id = 408314b3-d2a2-4e25-a076-1fd3039cfdf6
2026-04-12 09:46:13.911  INFO [o.springframework.ai.vectorstore.SimpleVectorStore] Calling EmbeddingModel for document id = ce2efc07-070d-4e32-979a-f304dce7f089
2026-04-12 09:46:13.911  INFO [c.e.r.scenarios.techdocs.TechDocsService] [←VectorDB] Tech-doc store ready | chunks=3 | elapsed=1ms
2026-04-12 09:46:13.922  INFO [com.example.rag_spring_ai.config.ChatClientConfig] [→Ollama] Configuring shared ChatClient | model=qwen3:4b | advisor=SimpleLoggerAdvisor
2026-04-12 09:46:14.574  INFO [c.e.rag_spring_ai.RagSpringAiApplicationTests] Started RagSpringAiApplicationTests in 2.658 seconds (process running for 11.071)
2026-04-12 09:46:14.584  INFO [c.e.r.function.FunctionConfig$SupportTools] [⚙Tool]     lookupOrder invoked by Ollama | orderId='ORD-001'
2026-04-12 09:46:14.584  INFO [c.e.r.function.FunctionConfig$SupportTools] [⚙Tool]     lookupOrder result | orderId=ORD-001 | status=SHIPPED
2026-04-12 09:46:14.586  INFO [c.e.r.function.FunctionConfig$WeatherTools] [⚙Tool]     getWeather invoked by Ollama | city='London'
2026-04-12 09:46:14.587  INFO [c.e.r.function.FunctionConfig$WeatherTools] [⚙Tool]     getWeather result | city=London | temp=12.0°Celsius | condition=Rainy
2026-04-12 09:46:14.589  INFO [c.e.r.function.FunctionConfig$SupportTools] [⚙Tool]     lookupOrder invoked by Ollama | orderId='ORD-999'
2026-04-12 09:46:14.589  INFO [c.e.r.function.FunctionConfig$SupportTools] [⚙Tool]     lookupOrder result | orderId=ORD-999 | status=NOT_FOUND
2026-04-12 09:46:14.592  INFO [c.e.r.function.FunctionConfig$SupportTools] [⚙Tool]     createTicket invoked by Ollama | customer='Bob' | issue='Bug' | priority=LOW | ticketId=TKT-8D07C087
2026-04-12 09:46:14.592  INFO [c.e.r.function.FunctionConfig$SupportTools] [⚙Tool]     createTicket result | ticketId=TKT-8D07C087 | status=OPEN
2026-04-12 09:46:14.592  INFO [c.e.r.function.FunctionConfig$SupportTools] [⚙Tool]     createTicket invoked by Ollama | customer='Bob' | issue='Bug' | priority=LOW | ticketId=TKT-02C70344
2026-04-12 09:46:14.592  INFO [c.e.r.function.FunctionConfig$SupportTools] [⚙Tool]     createTicket result | ticketId=TKT-02C70344 | status=OPEN
2026-04-12 09:46:14.594  INFO [c.e.r.function.FunctionConfig$WeatherTools] [⚙Tool]     getWeather invoked by Ollama | city='Unknown City'
2026-04-12 09:46:14.595  INFO [c.e.r.function.FunctionConfig$WeatherTools] [⚙Tool]     getWeather result | city=Unknown City | temp=20.0°Celsius | condition=Clear
2026-04-12 09:46:14.600  INFO [c.e.r.function.FunctionConfig$SupportTools] [⚙Tool]     lookupOrder invoked by Ollama | orderId='ORD-002'
2026-04-12 09:46:14.601  INFO [c.e.r.function.FunctionConfig$SupportTools] [⚙Tool]     lookupOrder result | orderId=ORD-002 | status=PROCESSING
2026-04-12 09:46:14.604  INFO [c.e.r.function.FunctionConfig$SupportTools] [⚙Tool]     createTicket invoked by Ollama | customer='Alice' | issue='Login issue' | priority=HIGH | ticketId=TKT-18D5E4DD
2026-04-12 09:46:14.604  INFO [c.e.r.function.FunctionConfig$SupportTools] [⚙Tool]     createTicket result | ticketId=TKT-18D5E4DD | status=OPEN
2026-04-12 09:46:14.607  INFO [c.e.r.function.FunctionConfig$WeatherTools] [⚙Tool]     getWeather invoked by Ollama | city='Tokyo'
2026-04-12 09:46:14.608  INFO [c.e.r.function.FunctionConfig$WeatherTools] [⚙Tool]     getWeather result | city=Tokyo | temp=22.0°Celsius | condition=Sunny
2026-04-12 09:46:14.669  INFO [c.e.r.function.FunctionCallingControllerTest] Starting FunctionCallingControllerTest using Java 25.0.2 with PID 6795 (started by gustavo.dunhao in /Users/gustavo.dunhao/.projects/rag-spring-ai)
2026-04-12 09:46:14.669 DEBUG [c.e.r.function.FunctionCallingControllerTest] Running with Spring Boot v3.5.13, Spring v6.2.17
2026-04-12 09:46:14.670  INFO [c.e.r.function.FunctionCallingControllerTest] The following 1 profile is active: "test"
2026-04-12 09:46:14.861  INFO [c.e.r.function.FunctionCallingControllerTest] Started FunctionCallingControllerTest in 0.218 seconds (process running for 11.358)
2026-04-12 09:46:14.866  INFO [c.example.rag_spring_ai.config.LoggingInterceptor] [HTTP→] POST /api/function/ask
2026-04-12 09:46:14.872  WARN [o.s.w.s.m.support.DefaultHandlerExceptionResolver] Resolved [org.springframework.web.bind.MethodArgumentNotValidException: Validation failed for argument [0] in public java.util.Map<java.lang.String, java.lang.String> com.example.rag_spring_ai.function.FunctionCallingController.ask(com.example.rag_spring_ai.model.QuestionRequest): [Field error in object 'questionRequest' on field 'question': rejected value []; codes [NotBlank.questionRequest.question,NotBlank.question,NotBlank.java.lang.String,NotBlank]; arguments [org.springframework.context.support.DefaultMessageSourceResolvable: codes [questionRequest.question,question]; arguments []; default message [question]]; default message [must not be blank]] ]
2026-04-12 09:46:14.872  INFO [c.example.rag_spring_ai.config.LoggingInterceptor] [HTTP←] POST /api/function/ask | status=400 | elapsed=6ms
2026-04-12 09:46:14.879  INFO [c.example.rag_spring_ai.config.LoggingInterceptor] [HTTP→] POST /api/function/ask
2026-04-12 09:46:14.884  INFO [c.example.rag_spring_ai.config.LoggingInterceptor] [HTTP←] POST /api/function/ask | status=200 | elapsed=5ms
2026-04-12 09:46:14.890  INFO [c.example.rag_spring_ai.config.LoggingInterceptor] [HTTP→] POST /api/function/support
2026-04-12 09:46:14.895  INFO [c.example.rag_spring_ai.config.LoggingInterceptor] [HTTP←] POST /api/function/support | status=200 | elapsed=5ms
2026-04-12 09:46:14.901  INFO [c.example.rag_spring_ai.config.LoggingInterceptor] [HTTP→] POST /api/function/support
2026-04-12 09:46:14.902  WARN [o.s.w.s.m.support.DefaultHandlerExceptionResolver] Resolved [org.springframework.web.bind.MethodArgumentNotValidException: Validation failed for argument [0] in public java.util.Map<java.lang.String, java.lang.String> com.example.rag_spring_ai.function.FunctionCallingController.support(com.example.rag_spring_ai.model.MessageRequest): [Field error in object 'messageRequest' on field 'message': rejected value []; codes [NotBlank.messageRequest.message,NotBlank.message,NotBlank.java.lang.String,NotBlank]; arguments [org.springframework.context.support.DefaultMessageSourceResolvable: codes [messageRequest.message,message]; arguments []; default message [message]]; default message [must not be blank]] ]
2026-04-12 09:46:14.903  INFO [c.example.rag_spring_ai.config.LoggingInterceptor] [HTTP←] POST /api/function/support | status=400 | elapsed=2ms
2026-04-12 09:46:15.070  INFO [c.e.rag_spring_ai.multidoc.MultiDocControllerTest] Starting MultiDocControllerTest using Java 25.0.2 with PID 6795 (started by gustavo.dunhao in /Users/gustavo.dunhao/.projects/rag-spring-ai)
2026-04-12 09:46:15.070 DEBUG [c.e.rag_spring_ai.multidoc.MultiDocControllerTest] Running with Spring Boot v3.5.13, Spring v6.2.17
2026-04-12 09:46:15.070  INFO [c.e.rag_spring_ai.multidoc.MultiDocControllerTest] The following 1 profile is active: "test"
2026-04-12 09:46:15.287  INFO [c.e.rag_spring_ai.multidoc.MultiDocControllerTest] Started MultiDocControllerTest in 0.246 seconds (process running for 11.784)
2026-04-12 09:46:15.292  INFO [c.example.rag_spring_ai.config.LoggingInterceptor] [HTTP→] POST /api/multidoc/query/faq
2026-04-12 09:46:15.299  WARN [o.s.w.s.m.support.DefaultHandlerExceptionResolver] Resolved [org.springframework.web.bind.MethodArgumentNotValidException: Validation failed for argument [1] in public java.util.Map<java.lang.String, java.lang.String> com.example.rag_spring_ai.multidoc.MultiDocController.queryCollection(java.lang.String,com.example.rag_spring_ai.model.QuestionRequest): [Field error in object 'questionRequest' on field 'question': rejected value []; codes [NotBlank.questionRequest.question,NotBlank.question,NotBlank.java.lang.String,NotBlank]; arguments [org.springframework.context.support.DefaultMessageSourceResolvable: codes [questionRequest.question,question]; arguments []; default message [question]]; default message [must not be blank]] ]
2026-04-12 09:46:15.300  INFO [c.example.rag_spring_ai.config.LoggingInterceptor] [HTTP←] POST /api/multidoc/query/faq | status=400 | elapsed=8ms
2026-04-12 09:46:15.308  INFO [c.example.rag_spring_ai.config.LoggingInterceptor] [HTTP→] GET /api/multidoc/collections
2026-04-12 09:46:15.318  INFO [c.example.rag_spring_ai.config.LoggingInterceptor] [HTTP←] GET /api/multidoc/collections | status=200 | elapsed=10ms
2026-04-12 09:46:15.330  INFO [c.example.rag_spring_ai.config.LoggingInterceptor] [HTTP→] POST /api/multidoc/smart-query
2026-04-12 09:46:15.335  INFO [c.example.rag_spring_ai.config.LoggingInterceptor] [HTTP←] POST /api/multidoc/smart-query | status=200 | elapsed=5ms
2026-04-12 09:46:15.345  INFO [c.example.rag_spring_ai.config.LoggingInterceptor] [HTTP→] POST /api/multidoc/query/faq
2026-04-12 09:46:15.348  INFO [c.example.rag_spring_ai.config.LoggingInterceptor] [HTTP←] POST /api/multidoc/query/faq | status=200 | elapsed=3ms
2026-04-12 09:46:15.418  INFO [c.e.r.structured.StructuredOutputControllerTest] Starting StructuredOutputControllerTest using Java 25.0.2 with PID 6795 (started by gustavo.dunhao in /Users/gustavo.dunhao/.projects/rag-spring-ai)
2026-04-12 09:46:15.419 DEBUG [c.e.r.structured.StructuredOutputControllerTest] Running with Spring Boot v3.5.13, Spring v6.2.17
2026-04-12 09:46:15.419  INFO [c.e.r.structured.StructuredOutputControllerTest] The following 1 profile is active: "test"
2026-04-12 09:46:15.644  INFO [c.e.r.structured.StructuredOutputControllerTest] Started StructuredOutputControllerTest in 0.259 seconds (process running for 12.141)
2026-04-12 09:46:15.650  INFO [c.example.rag_spring_ai.config.LoggingInterceptor] [HTTP→] POST /api/structured/api
2026-04-12 09:46:15.663  INFO [c.example.rag_spring_ai.config.LoggingInterceptor] [HTTP←] POST /api/structured/api | status=200 | elapsed=13ms
2026-04-12 09:46:15.669  INFO [c.example.rag_spring_ai.config.LoggingInterceptor] [HTTP→] POST /api/structured/legal
2026-04-12 09:46:15.672  INFO [c.example.rag_spring_ai.config.LoggingInterceptor] [HTTP←] POST /api/structured/legal | status=200 | elapsed=3ms
2026-04-12 09:46:15.680  INFO [c.example.rag_spring_ai.config.LoggingInterceptor] [HTTP→] POST /api/structured/faq
2026-04-12 09:46:15.689  INFO [c.example.rag_spring_ai.config.LoggingInterceptor] [HTTP←] POST /api/structured/faq | status=200 | elapsed=9ms
2026-04-12 09:46:15.696  INFO [c.example.rag_spring_ai.config.LoggingInterceptor] [HTTP→] POST /api/structured/faq
2026-04-12 09:46:15.698  WARN [o.s.w.s.m.support.DefaultHandlerExceptionResolver] Resolved [org.springframework.web.bind.MethodArgumentNotValidException: Validation failed for argument [0] in public com.example.rag_spring_ai.model.FaqEntry com.example.rag_spring_ai.structured.StructuredOutputController.faq(com.example.rag_spring_ai.model.QuestionRequest): [Field error in object 'questionRequest' on field 'question': rejected value []; codes [NotBlank.questionRequest.question,NotBlank.question,NotBlank.java.lang.String,NotBlank]; arguments [org.springframework.context.support.DefaultMessageSourceResolvable: codes [questionRequest.question,question]; arguments []; default message [question]]; default message [must not be blank]] ]
2026-04-12 09:46:15.698  INFO [c.example.rag_spring_ai.config.LoggingInterceptor] [HTTP←] POST /api/structured/faq | status=400 | elapsed=2ms
2026-04-12 09:46:15.704  INFO [c.example.rag_spring_ai.config.LoggingInterceptor] [HTTP→] POST /api/structured/legal
2026-04-12 09:46:15.708  WARN [o.s.w.s.m.support.DefaultHandlerExceptionResolver] Resolved [org.springframework.web.bind.MethodArgumentNotValidException: Validation failed for argument [0] in public java.util.List<com.example.rag_spring_ai.model.LegalClause> com.example.rag_spring_ai.structured.StructuredOutputController.legal(com.example.rag_spring_ai.model.QueryRequest): [Field error in object 'queryRequest' on field 'query': rejected value []; codes [NotBlank.queryRequest.query,NotBlank.query,NotBlank.java.lang.String,NotBlank]; arguments [org.springframework.context.support.DefaultMessageSourceResolvable: codes [queryRequest.query,query]; arguments []; default message [query]]; default message [must not be blank]] ]
2026-04-12 09:46:15.708  INFO [c.example.rag_spring_ai.config.LoggingInterceptor] [HTTP←] POST /api/structured/legal | status=400 | elapsed=4ms
2026-04-12 09:46:15.797  INFO [c.e.r.s.support.CustomerSupportControllerTest] Starting CustomerSupportControllerTest using Java 25.0.2 with PID 6795 (started by gustavo.dunhao in /Users/gustavo.dunhao/.projects/rag-spring-ai)
2026-04-12 09:46:15.798 DEBUG [c.e.r.s.support.CustomerSupportControllerTest] Running with Spring Boot v3.5.13, Spring v6.2.17
2026-04-12 09:46:15.798  INFO [c.e.r.s.support.CustomerSupportControllerTest] The following 1 profile is active: "test"
2026-04-12 09:46:16.009  INFO [c.e.r.s.support.CustomerSupportControllerTest] Started CustomerSupportControllerTest in 0.237 seconds (process running for 12.506)
2026-04-12 09:46:16.015  INFO [c.example.rag_spring_ai.config.LoggingInterceptor] [HTTP→] DELETE /api/scenarios/support/session1
2026-04-12 09:46:16.021  INFO [c.example.rag_spring_ai.config.LoggingInterceptor] [HTTP←] DELETE /api/scenarios/support/session1 | status=200 | elapsed=6ms
2026-04-12 09:46:16.028  INFO [c.example.rag_spring_ai.config.LoggingInterceptor] [HTTP→] POST /api/scenarios/support/session1
2026-04-12 09:46:16.035  WARN [o.s.w.s.m.support.DefaultHandlerExceptionResolver] Resolved [org.springframework.web.bind.MethodArgumentNotValidException: Validation failed for argument [1] in public java.util.Map<java.lang.String, java.lang.String> com.example.rag_spring_ai.scenarios.support.CustomerSupportController.chat(java.lang.String,com.example.rag_spring_ai.model.MessageRequest): [Field error in object 'messageRequest' on field 'message': rejected value []; codes [NotBlank.messageRequest.message,NotBlank.message,NotBlank.java.lang.String,NotBlank]; arguments [org.springframework.context.support.DefaultMessageSourceResolvable: codes [messageRequest.message,message]; arguments []; default message [message]]; default message [must not be blank]] ]
2026-04-12 09:46:16.035  INFO [c.example.rag_spring_ai.config.LoggingInterceptor] [HTTP←] POST /api/scenarios/support/session1 | status=400 | elapsed=7ms
2026-04-12 09:46:16.041  INFO [c.example.rag_spring_ai.config.LoggingInterceptor] [HTTP→] POST /api/scenarios/support/session1
2026-04-12 09:46:16.043  INFO [c.example.rag_spring_ai.config.LoggingInterceptor] [HTTP←] POST /api/scenarios/support/session1 | status=200 | elapsed=2ms
2026-04-12 09:46:16.108  INFO [c.e.r.scenarios.hr.HrPolicyControllerTest] Starting HrPolicyControllerTest using Java 25.0.2 with PID 6795 (started by gustavo.dunhao in /Users/gustavo.dunhao/.projects/rag-spring-ai)
2026-04-12 09:46:16.108 DEBUG [c.e.r.scenarios.hr.HrPolicyControllerTest] Running with Spring Boot v3.5.13, Spring v6.2.17
2026-04-12 09:46:16.108  INFO [c.e.r.scenarios.hr.HrPolicyControllerTest] The following 1 profile is active: "test"
2026-04-12 09:46:16.309  INFO [c.e.r.scenarios.hr.HrPolicyControllerTest] Started HrPolicyControllerTest in 0.228 seconds (process running for 12.806)
2026-04-12 09:46:16.313  INFO [c.example.rag_spring_ai.config.LoggingInterceptor] [HTTP→] POST /api/scenarios/hr/policy
2026-04-12 09:46:16.321  WARN [o.s.w.s.m.support.DefaultHandlerExceptionResolver] Resolved [org.springframework.web.bind.MethodArgumentNotValidException: Validation failed for argument [0] in public com.example.rag_spring_ai.model.PolicyInfo com.example.rag_spring_ai.scenarios.hr.HrPolicyController.getPolicy(com.example.rag_spring_ai.scenarios.hr.HrPolicyController$TopicRequest): [Field error in object 'topicRequest' on field 'topic': rejected value []; codes [NotBlank.topicRequest.topic,NotBlank.topic,NotBlank.java.lang.String,NotBlank]; arguments [org.springframework.context.support.DefaultMessageSourceResolvable: codes [topicRequest.topic,topic]; arguments []; default message [topic]]; default message [must not be blank]] ]
2026-04-12 09:46:16.321  INFO [c.example.rag_spring_ai.config.LoggingInterceptor] [HTTP←] POST /api/scenarios/hr/policy | status=400 | elapsed=8ms
2026-04-12 09:46:16.327  INFO [c.example.rag_spring_ai.config.LoggingInterceptor] [HTTP→] POST /api/scenarios/hr/chat/emp1
2026-04-12 09:46:16.335  INFO [c.example.rag_spring_ai.config.LoggingInterceptor] [HTTP←] POST /api/scenarios/hr/chat/emp1 | status=200 | elapsed=8ms
2026-04-12 09:46:16.341  INFO [c.example.rag_spring_ai.config.LoggingInterceptor] [HTTP→] POST /api/scenarios/hr/policy
2026-04-12 09:46:16.347  INFO [c.example.rag_spring_ai.config.LoggingInterceptor] [HTTP←] POST /api/scenarios/hr/policy | status=200 | elapsed=6ms
2026-04-12 09:46:16.353  INFO [c.example.rag_spring_ai.config.LoggingInterceptor] [HTTP→] POST /api/scenarios/hr/quick
2026-04-12 09:46:16.355  WARN [o.s.w.s.m.support.DefaultHandlerExceptionResolver] Resolved [org.springframework.web.bind.MethodArgumentNotValidException: Validation failed for argument [0] in public java.util.Map<java.lang.String, java.lang.String> com.example.rag_spring_ai.scenarios.hr.HrPolicyController.quickAnswer(com.example.rag_spring_ai.model.QuestionRequest): [Field error in object 'questionRequest' on field 'question': rejected value []; codes [NotBlank.questionRequest.question,NotBlank.question,NotBlank.java.lang.String,NotBlank]; arguments [org.springframework.context.support.DefaultMessageSourceResolvable: codes [questionRequest.question,question]; arguments []; default message [question]]; default message [must not be blank]] ]
2026-04-12 09:46:16.355  INFO [c.example.rag_spring_ai.config.LoggingInterceptor] [HTTP←] POST /api/scenarios/hr/quick | status=400 | elapsed=2ms
2026-04-12 09:46:16.363  INFO [c.example.rag_spring_ai.config.LoggingInterceptor] [HTTP→] POST /api/scenarios/hr/quick
2026-04-12 09:46:16.364  INFO [c.example.rag_spring_ai.config.LoggingInterceptor] [HTTP←] POST /api/scenarios/hr/quick | status=200 | elapsed=1ms
2026-04-12 09:46:16.431  INFO [c.e.r.scenarios.techdocs.TechDocsControllerTest] Starting TechDocsControllerTest using Java 25.0.2 with PID 6795 (started by gustavo.dunhao in /Users/gustavo.dunhao/.projects/rag-spring-ai)
2026-04-12 09:46:16.432 DEBUG [c.e.r.scenarios.techdocs.TechDocsControllerTest] Running with Spring Boot v3.5.13, Spring v6.2.17
2026-04-12 09:46:16.432  INFO [c.e.r.scenarios.techdocs.TechDocsControllerTest] The following 1 profile is active: "test"
2026-04-12 09:46:16.632  INFO [c.e.r.scenarios.techdocs.TechDocsControllerTest] Started TechDocsControllerTest in 0.224 seconds (process running for 13.129)
2026-04-12 09:46:16.636  INFO [c.example.rag_spring_ai.config.LoggingInterceptor] [HTTP→] POST /api/scenarios/techdocs/ask
2026-04-12 09:46:16.642  WARN [o.s.w.s.m.support.DefaultHandlerExceptionResolver] Resolved [org.springframework.web.bind.MethodArgumentNotValidException: Validation failed for argument [0] in public java.util.Map<java.lang.String, java.lang.String> com.example.rag_spring_ai.scenarios.techdocs.TechDocsController.ask(com.example.rag_spring_ai.model.QuestionRequest): [Field error in object 'questionRequest' on field 'question': rejected value []; codes [NotBlank.questionRequest.question,NotBlank.question,NotBlank.java.lang.String,NotBlank]; arguments [org.springframework.context.support.DefaultMessageSourceResolvable: codes [questionRequest.question,question]; arguments []; default message [question]]; default message [must not be blank]] ]
2026-04-12 09:46:16.642  INFO [c.example.rag_spring_ai.config.LoggingInterceptor] [HTTP←] POST /api/scenarios/techdocs/ask | status=400 | elapsed=6ms
2026-04-12 09:46:16.648  INFO [c.example.rag_spring_ai.config.LoggingInterceptor] [HTTP→] POST /api/scenarios/techdocs/ask
2026-04-12 09:46:16.655  INFO [c.example.rag_spring_ai.config.LoggingInterceptor] [HTTP←] POST /api/scenarios/techdocs/ask | status=200 | elapsed=7ms
2026-04-12 09:46:16.663  INFO [c.example.rag_spring_ai.config.LoggingInterceptor] [HTTP→] POST /api/scenarios/techdocs/curl
2026-04-12 09:46:16.667  WARN [o.s.w.s.m.support.DefaultHandlerExceptionResolver] Resolved [org.springframework.web.bind.MethodArgumentNotValidException: Validation failed for argument [0] in public java.util.Map<java.lang.String, java.lang.String> com.example.rag_spring_ai.scenarios.techdocs.TechDocsController.generateCurl(com.example.rag_spring_ai.scenarios.techdocs.TechDocsController$OperationRequest): [Field error in object 'operationRequest' on field 'operation': rejected value []; codes [NotBlank.operationRequest.operation,NotBlank.operation,NotBlank.java.lang.String,NotBlank]; arguments [org.springframework.context.support.DefaultMessageSourceResolvable: codes [operationRequest.operation,operation]; arguments []; default message [operation]]; default message [must not be blank]] ]
2026-04-12 09:46:16.667  INFO [c.example.rag_spring_ai.config.LoggingInterceptor] [HTTP←] POST /api/scenarios/techdocs/curl | status=400 | elapsed=4ms
2026-04-12 09:46:16.673  INFO [c.example.rag_spring_ai.config.LoggingInterceptor] [HTTP→] POST /api/scenarios/techdocs/curl
2026-04-12 09:46:16.675  INFO [c.example.rag_spring_ai.config.LoggingInterceptor] [HTTP←] POST /api/scenarios/techdocs/curl | status=200 | elapsed=2ms
2026-04-12 09:46:16.683  INFO [c.example.rag_spring_ai.config.LoggingInterceptor] [HTTP→] POST /api/scenarios/techdocs/endpoints
2026-04-12 09:46:16.688  WARN [o.s.w.s.m.support.DefaultHandlerExceptionResolver] Resolved [org.springframework.web.bind.MethodArgumentNotValidException: Validation failed for argument [0] in public java.util.List<com.example.rag_spring_ai.model.ApiEndpoint> com.example.rag_spring_ai.scenarios.techdocs.TechDocsController.findEndpoints(com.example.rag_spring_ai.scenarios.techdocs.TechDocsController$FeatureRequest): [Field error in object 'featureRequest' on field 'feature': rejected value []; codes [NotBlank.featureRequest.feature,NotBlank.feature,NotBlank.java.lang.String,NotBlank]; arguments [org.springframework.context.support.DefaultMessageSourceResolvable: codes [featureRequest.feature,feature]; arguments []; default message [feature]]; default message [must not be blank]] ]
2026-04-12 09:46:16.689  INFO [c.example.rag_spring_ai.config.LoggingInterceptor] [HTTP←] POST /api/scenarios/techdocs/endpoints | status=400 | elapsed=6ms
2026-04-12 09:46:16.697  INFO [c.example.rag_spring_ai.config.LoggingInterceptor] [HTTP→] POST /api/scenarios/techdocs/endpoints
2026-04-12 09:46:16.704  INFO [c.example.rag_spring_ai.config.LoggingInterceptor] [HTTP←] POST /api/scenarios/techdocs/endpoints | status=200 | elapsed=7ms
2026-04-12 09:46:16.769  INFO [c.e.r.scenarios.legal.LegalSearchControllerTest] Starting LegalSearchControllerTest using Java 25.0.2 with PID 6795 (started by gustavo.dunhao in /Users/gustavo.dunhao/.projects/rag-spring-ai)
2026-04-12 09:46:16.770 DEBUG [c.e.r.scenarios.legal.LegalSearchControllerTest] Running with Spring Boot v3.5.13, Spring v6.2.17
2026-04-12 09:46:16.770  INFO [c.e.r.scenarios.legal.LegalSearchControllerTest] The following 1 profile is active: "test"
2026-04-12 09:46:16.967  INFO [c.e.r.scenarios.legal.LegalSearchControllerTest] Started LegalSearchControllerTest in 0.223 seconds (process running for 13.464)
2026-04-12 09:46:16.973  INFO [c.example.rag_spring_ai.config.LoggingInterceptor] [HTTP→] POST /api/scenarios/legal/search
2026-04-12 09:46:16.984  INFO [c.example.rag_spring_ai.config.LoggingInterceptor] [HTTP←] POST /api/scenarios/legal/search | status=200 | elapsed=11ms
2026-04-12 09:46:16.990  INFO [c.example.rag_spring_ai.config.LoggingInterceptor] [HTTP→] POST /api/scenarios/legal/compliance
2026-04-12 09:46:16.995  INFO [c.example.rag_spring_ai.config.LoggingInterceptor] [HTTP←] POST /api/scenarios/legal/compliance | status=200 | elapsed=5ms
2026-04-12 09:46:17.000  INFO [c.example.rag_spring_ai.config.LoggingInterceptor] [HTTP→] POST /api/scenarios/legal/compliance
2026-04-12 09:46:17.002  WARN [o.s.w.s.m.support.DefaultHandlerExceptionResolver] Resolved [org.springframework.web.bind.MethodArgumentNotValidException: Validation failed for argument [0] in public java.util.Map<java.lang.String, java.lang.String> com.example.rag_spring_ai.scenarios.legal.LegalSearchController.compliance(com.example.rag_spring_ai.scenarios.legal.LegalSearchController$ComplianceRequest): [Field error in object 'complianceRequest' on field 'practice': rejected value []; codes [NotBlank.complianceRequest.practice,NotBlank.practice,NotBlank.java.lang.String,NotBlank]; arguments [org.springframework.context.support.DefaultMessageSourceResolvable: codes [complianceRequest.practice,practice]; arguments []; default message [practice]]; default message [must not be blank]] ]
2026-04-12 09:46:17.002  INFO [c.example.rag_spring_ai.config.LoggingInterceptor] [HTTP←] POST /api/scenarios/legal/compliance | status=400 | elapsed=2ms
2026-04-12 09:46:17.010  INFO [c.example.rag_spring_ai.config.LoggingInterceptor] [HTTP→] POST /api/scenarios/legal/extract
2026-04-12 09:46:17.015  INFO [c.example.rag_spring_ai.config.LoggingInterceptor] [HTTP←] POST /api/scenarios/legal/extract | status=200 | elapsed=5ms
2026-04-12 09:46:17.020  INFO [c.example.rag_spring_ai.config.LoggingInterceptor] [HTTP→] POST /api/scenarios/legal/search
2026-04-12 09:46:17.021  WARN [o.s.w.s.m.support.DefaultHandlerExceptionResolver] Resolved [org.springframework.web.bind.MethodArgumentNotValidException: Validation failed for argument [0] in public java.util.Map<java.lang.String, java.lang.String> com.example.rag_spring_ai.scenarios.legal.LegalSearchController.search(com.example.rag_spring_ai.model.QueryRequest): [Field error in object 'queryRequest' on field 'query': rejected value []; codes [NotBlank.queryRequest.query,NotBlank.query,NotBlank.java.lang.String,NotBlank]; arguments [org.springframework.context.support.DefaultMessageSourceResolvable: codes [queryRequest.query,query]; arguments []; default message [query]]; default message [must not be blank]] ]
2026-04-12 09:46:17.022  INFO [c.example.rag_spring_ai.config.LoggingInterceptor] [HTTP←] POST /api/scenarios/legal/search | status=400 | elapsed=2ms
2026-04-12 09:46:17.083  INFO [c.e.r.metadata.MetadataFilterControllerTest] Starting MetadataFilterControllerTest using Java 25.0.2 with PID 6795 (started by gustavo.dunhao in /Users/gustavo.dunhao/.projects/rag-spring-ai)
2026-04-12 09:46:17.083 DEBUG [c.e.r.metadata.MetadataFilterControllerTest] Running with Spring Boot v3.5.13, Spring v6.2.17
2026-04-12 09:46:17.083  INFO [c.e.r.metadata.MetadataFilterControllerTest] The following 1 profile is active: "test"
2026-04-12 09:46:17.287  INFO [c.e.r.metadata.MetadataFilterControllerTest] Started MetadataFilterControllerTest in 0.227 seconds (process running for 13.784)
2026-04-12 09:46:17.292  INFO [c.example.rag_spring_ai.config.LoggingInterceptor] [HTTP→] GET /api/metadata/search/product?query=rate%20limits
2026-04-12 09:46:17.300  INFO [c.example.rag_spring_ai.config.LoggingInterceptor] [HTTP←] GET /api/metadata/search/product | status=200 | elapsed=8ms
2026-04-12 09:46:17.305  INFO [c.example.rag_spring_ai.config.LoggingInterceptor] [HTTP→] POST /api/metadata/ask
2026-04-12 09:46:17.313  WARN [o.s.w.s.m.support.DefaultHandlerExceptionResolver] Resolved [org.springframework.web.bind.MethodArgumentNotValidException: Validation failed for argument [0] in public java.util.Map<java.lang.String, java.lang.String> com.example.rag_spring_ai.metadata.MetadataFilterController.askAboutProduct(com.example.rag_spring_ai.metadata.MetadataFilterController$ProductQuestionRequest): [Field error in object 'productQuestionRequest' on field 'question': rejected value []; codes [NotBlank.productQuestionRequest.question,NotBlank.question,NotBlank.java.lang.String,NotBlank]; arguments [org.springframework.context.support.DefaultMessageSourceResolvable: codes [productQuestionRequest.question,question]; arguments []; default message [question]]; default message [must not be blank]] ]
2026-04-12 09:46:17.313  INFO [c.example.rag_spring_ai.config.LoggingInterceptor] [HTTP←] POST /api/metadata/ask | status=400 | elapsed=8ms
2026-04-12 09:46:17.319  INFO [c.example.rag_spring_ai.config.LoggingInterceptor] [HTTP→] POST /api/metadata/ask
2026-04-12 09:46:17.322  INFO [c.example.rag_spring_ai.config.LoggingInterceptor] [HTTP←] POST /api/metadata/ask | status=200 | elapsed=3ms
2026-04-12 09:46:17.329  INFO [c.example.rag_spring_ai.config.LoggingInterceptor] [HTTP→] GET /api/metadata/search/category?query=new%20features
2026-04-12 09:46:17.333  INFO [c.example.rag_spring_ai.config.LoggingInterceptor] [HTTP←] GET /api/metadata/search/category | status=200 | elapsed=4ms
2026-04-12 09:46:17.339  INFO [c.example.rag_spring_ai.config.LoggingInterceptor] [HTTP→] GET /api/metadata/search/product?query=sync&product=datasync
2026-04-12 09:46:17.340  INFO [c.example.rag_spring_ai.config.LoggingInterceptor] [HTTP←] GET /api/metadata/search/product | status=200 | elapsed=1ms
2026-04-12 09:46:17.453  INFO [c.e.rag_spring_ai.metadata.MetadataFilterService] [INGESTION] Seeding metadata-enriched documents into VectorDB
2026-04-12 09:46:17.454  INFO [c.e.rag_spring_ai.metadata.MetadataFilterService] [→VectorDB] Storing 6 documents with metadata (product/version/category/year)
2026-04-12 09:46:17.454  INFO [o.springframework.ai.vectorstore.SimpleVectorStore] Calling EmbeddingModel for document id = 38fb5874-7a88-43eb-8e6a-95a20793ba1a
2026-04-12 09:46:17.454  INFO [o.springframework.ai.vectorstore.SimpleVectorStore] Calling EmbeddingModel for document id = 2ee6ad20-f9e2-424e-894a-78757153b480
2026-04-12 09:46:17.454  INFO [o.springframework.ai.vectorstore.SimpleVectorStore] Calling EmbeddingModel for document id = 4da13954-09a4-4dc6-bfc7-79c5b46b08f9
2026-04-12 09:46:17.454  INFO [o.springframework.ai.vectorstore.SimpleVectorStore] Calling EmbeddingModel for document id = 913cefa1-168f-49c3-a350-e8c198fa7f04
2026-04-12 09:46:17.454  INFO [o.springframework.ai.vectorstore.SimpleVectorStore] Calling EmbeddingModel for document id = 1b690920-29a1-4f9f-8b64-ede0ae4fe0e8
2026-04-12 09:46:17.454  INFO [o.springframework.ai.vectorstore.SimpleVectorStore] Calling EmbeddingModel for document id = b3ef3844-0a81-491c-a703-8e74018eb715
2026-04-12 09:46:17.454  INFO [c.e.rag_spring_ai.metadata.MetadataFilterService] [←VectorDB] Stored 6 metadata-enriched documents | elapsed=0ms
2026-04-12 09:46:17.455  INFO [c.e.rag_spring_ai.metadata.MetadataFilterService] [→VectorDB] Similarity search | filter=product:'cloudflow' | query='version features'
2026-04-12 09:46:17.460  INFO [c.e.rag_spring_ai.metadata.MetadataFilterService] [←VectorDB] Search complete | filter=product:'cloudflow' | results=4 | elapsed=4ms
2026-04-12 09:46:17.623  INFO [c.e.rag_spring_ai.metadata.MetadataFilterService] [INGESTION] Seeding metadata-enriched documents into VectorDB
2026-04-12 09:46:17.625  INFO [c.e.rag_spring_ai.metadata.MetadataFilterService] [→VectorDB] Storing 6 documents with metadata (product/version/category/year)
2026-04-12 09:46:17.625  INFO [o.springframework.ai.vectorstore.SimpleVectorStore] Calling EmbeddingModel for document id = aaabd7f5-6d32-4bbb-b71a-fef499abd86b
2026-04-12 09:46:17.625  INFO [o.springframework.ai.vectorstore.SimpleVectorStore] Calling EmbeddingModel for document id = 1f80df73-7c90-4286-8d69-20a3359f5519
2026-04-12 09:46:17.625  INFO [o.springframework.ai.vectorstore.SimpleVectorStore] Calling EmbeddingModel for document id = 9585ed4c-642e-4a14-afd6-82a3d9a56bfe
2026-04-12 09:46:17.625  INFO [o.springframework.ai.vectorstore.SimpleVectorStore] Calling EmbeddingModel for document id = c685a14c-1201-4471-8e20-41cf15e23f00
2026-04-12 09:46:17.626  INFO [o.springframework.ai.vectorstore.SimpleVectorStore] Calling EmbeddingModel for document id = 5319c373-92e3-42b3-bb68-2838a2f62dee
2026-04-12 09:46:17.626  INFO [o.springframework.ai.vectorstore.SimpleVectorStore] Calling EmbeddingModel for document id = 82cc7b0e-36c9-4036-922e-b4f050b0e440
2026-04-12 09:46:17.626  INFO [c.e.rag_spring_ai.metadata.MetadataFilterService] [←VectorDB] Stored 6 metadata-enriched documents | elapsed=1ms
2026-04-12 09:46:17.700  INFO [c.e.rag_spring_ai.metadata.MetadataFilterService] [INGESTION] Seeding metadata-enriched documents into VectorDB
2026-04-12 09:46:17.701  INFO [c.e.rag_spring_ai.metadata.MetadataFilterService] [→VectorDB] Storing 6 documents with metadata (product/version/category/year)
2026-04-12 09:46:17.701  INFO [o.springframework.ai.vectorstore.SimpleVectorStore] Calling EmbeddingModel for document id = 88f2005a-f233-4c79-b677-dfd9d657eb45
2026-04-12 09:46:17.701  INFO [o.springframework.ai.vectorstore.SimpleVectorStore] Calling EmbeddingModel for document id = e8b20ad4-b164-47fb-8ec5-1c1a5f9a3e77
2026-04-12 09:46:17.701  INFO [o.springframework.ai.vectorstore.SimpleVectorStore] Calling EmbeddingModel for document id = daa24909-f009-49cd-9f2a-1e81ca6814ff
2026-04-12 09:46:17.701  INFO [o.springframework.ai.vectorstore.SimpleVectorStore] Calling EmbeddingModel for document id = 6fbff4ac-5e40-4d47-b8b8-ff45612be7d7
2026-04-12 09:46:17.701  INFO [o.springframework.ai.vectorstore.SimpleVectorStore] Calling EmbeddingModel for document id = ee438e3f-d197-405d-a146-9b64576e194f
2026-04-12 09:46:17.701  INFO [o.springframework.ai.vectorstore.SimpleVectorStore] Calling EmbeddingModel for document id = 0bcb6e2c-696d-4143-8728-8f3197cdec91
2026-04-12 09:46:17.701  INFO [c.e.rag_spring_ai.metadata.MetadataFilterService] [←VectorDB] Stored 6 metadata-enriched documents | elapsed=0ms
2026-04-12 09:46:17.702  INFO [c.e.rag_spring_ai.metadata.MetadataFilterService] [→VectorDB] Similarity search | filter=product:'cloudflow' | topK=3 | question='What API rate limits exist?'
2026-04-12 09:46:17.702  INFO [c.e.rag_spring_ai.metadata.MetadataFilterService] [→Ollama]   Chat request | model=qwen3:4b | product filter='cloudflow'
2026-04-12 09:46:17.705  INFO [c.e.rag_spring_ai.metadata.MetadataFilterService] [←Ollama]   Response received | chars=14 | elapsed=3ms
2026-04-12 09:46:17.772  INFO [c.e.rag_spring_ai.metadata.MetadataFilterService] [INGESTION] Seeding metadata-enriched documents into VectorDB
2026-04-12 09:46:17.773  INFO [c.e.rag_spring_ai.metadata.MetadataFilterService] [→VectorDB] Storing 6 documents with metadata (product/version/category/year)
2026-04-12 09:46:17.773  INFO [o.springframework.ai.vectorstore.SimpleVectorStore] Calling EmbeddingModel for document id = 1571fd68-55ac-47e5-8bfd-075ad5bb5c5a
2026-04-12 09:46:17.773  INFO [o.springframework.ai.vectorstore.SimpleVectorStore] Calling EmbeddingModel for document id = 9a7fb74f-a5ae-4880-b306-66019f5f8ae4
2026-04-12 09:46:17.773  INFO [o.springframework.ai.vectorstore.SimpleVectorStore] Calling EmbeddingModel for document id = 27b8250b-7b3e-4852-b3bb-bff7a7ebb4e5
2026-04-12 09:46:17.773  INFO [o.springframework.ai.vectorstore.SimpleVectorStore] Calling EmbeddingModel for document id = 08190b5b-6f80-4d98-96b3-2a25bba0fa35
2026-04-12 09:46:17.773  INFO [o.springframework.ai.vectorstore.SimpleVectorStore] Calling EmbeddingModel for document id = 4abccbe1-8b5a-435a-adeb-e913f647f6c6
2026-04-12 09:46:17.773  INFO [o.springframework.ai.vectorstore.SimpleVectorStore] Calling EmbeddingModel for document id = 886001ff-82c9-4906-bd1f-b9ac8d1f5a59
2026-04-12 09:46:17.773  INFO [c.e.rag_spring_ai.metadata.MetadataFilterService] [←VectorDB] Stored 6 metadata-enriched documents | elapsed=0ms
2026-04-12 09:46:17.774  INFO [c.e.rag_spring_ai.metadata.MetadataFilterService] [→VectorDB] Similarity search | filter=product:'datasync' | query='synchronization'
2026-04-12 09:46:17.774  INFO [c.e.rag_spring_ai.metadata.MetadataFilterService] [←VectorDB] Search complete | filter=product:'datasync' | results=2 | elapsed=0ms
2026-04-12 09:46:17.838  INFO [c.e.rag_spring_ai.metadata.MetadataFilterService] [INGESTION] Seeding metadata-enriched documents into VectorDB
2026-04-12 09:46:17.839  INFO [c.e.rag_spring_ai.metadata.MetadataFilterService] [→VectorDB] Storing 6 documents with metadata (product/version/category/year)
2026-04-12 09:46:17.839  INFO [o.springframework.ai.vectorstore.SimpleVectorStore] Calling EmbeddingModel for document id = 263d0e78-84b6-4825-9628-e78ae5cb1554
2026-04-12 09:46:17.839  INFO [o.springframework.ai.vectorstore.SimpleVectorStore] Calling EmbeddingModel for document id = cbac8d51-1e7d-4ae3-a210-a365c138b186
2026-04-12 09:46:17.839  INFO [o.springframework.ai.vectorstore.SimpleVectorStore] Calling EmbeddingModel for document id = 7b27db15-4626-47c3-9560-f87661c2d81e
2026-04-12 09:46:17.839  INFO [o.springframework.ai.vectorstore.SimpleVectorStore] Calling EmbeddingModel for document id = 5cdeedcd-26c2-4d75-838a-e6c96289388d
2026-04-12 09:46:17.839  INFO [o.springframework.ai.vectorstore.SimpleVectorStore] Calling EmbeddingModel for document id = 46cf1531-79fa-4cf2-87cf-e067e0b4ad7a
2026-04-12 09:46:17.839  INFO [o.springframework.ai.vectorstore.SimpleVectorStore] Calling EmbeddingModel for document id = 8b7a76e9-01ed-4e5d-92fa-8001c9fcf183
2026-04-12 09:46:17.840  INFO [c.e.rag_spring_ai.metadata.MetadataFilterService] [←VectorDB] Stored 6 metadata-enriched documents | elapsed=1ms
2026-04-12 09:46:17.840  INFO [c.e.rag_spring_ai.metadata.MetadataFilterService] [→VectorDB] Similarity search | filter=category:'release-notes' | query='release'
2026-04-12 09:46:17.840  INFO [c.e.rag_spring_ai.metadata.MetadataFilterService] [←VectorDB] Search complete | filter=category:'release-notes' | results=4 | elapsed=0ms
2026-04-12 09:46:17.911  INFO [c.e.rag_spring_ai.vectorstore.VectorStoreService] [→VectorDB] Adding 6 sample documents | topics=java,python,spring-boot,docker,kubernetes,ml
2026-04-12 09:46:17.911  INFO [o.springframework.ai.vectorstore.SimpleVectorStore] Calling EmbeddingModel for document id = 6f0eff10-7b53-4de8-9531-a1e76d86e23e
2026-04-12 09:46:17.912  INFO [o.springframework.ai.vectorstore.SimpleVectorStore] Calling EmbeddingModel for document id = dfff23c6-c170-463e-9759-0498a593f027
2026-04-12 09:46:17.912  INFO [o.springframework.ai.vectorstore.SimpleVectorStore] Calling EmbeddingModel for document id = 442a575b-9184-4bdd-ba90-522432ae1cc0
2026-04-12 09:46:17.912  INFO [o.springframework.ai.vectorstore.SimpleVectorStore] Calling EmbeddingModel for document id = 73287a18-48ea-4841-ab95-a324e45962fd
2026-04-12 09:46:17.912  INFO [o.springframework.ai.vectorstore.SimpleVectorStore] Calling EmbeddingModel for document id = 6b7a5646-e638-4b36-8cef-4f9911da30fa
2026-04-12 09:46:17.912  INFO [o.springframework.ai.vectorstore.SimpleVectorStore] Calling EmbeddingModel for document id = 99b264ae-ea6d-4574-8ab9-f700e734da8b
2026-04-12 09:46:17.912  INFO [c.e.rag_spring_ai.vectorstore.VectorStoreService] [←VectorDB] Stored 6 documents | elapsed=1ms
2026-04-12 09:46:17.912  INFO [c.e.rag_spring_ai.vectorstore.VectorStoreService] [→VectorDB] Similarity search with threshold | query='Docker containers' | threshold=0.0
2026-04-12 09:46:17.912  INFO [c.e.rag_spring_ai.vectorstore.VectorStoreService] [←VectorDB] Search complete | results=6 | threshold=0.0 | elapsed=0ms
2026-04-12 09:46:17.975  INFO [c.e.rag_spring_ai.vectorstore.VectorStoreService] [→VectorDB] Adding 6 sample documents | topics=java,python,spring-boot,docker,kubernetes,ml
2026-04-12 09:46:17.975  INFO [o.springframework.ai.vectorstore.SimpleVectorStore] Calling EmbeddingModel for document id = fd6178e5-3285-456d-9bf4-a6b8e057690c
2026-04-12 09:46:17.976  INFO [o.springframework.ai.vectorstore.SimpleVectorStore] Calling EmbeddingModel for document id = 54eebbf2-2bd6-4b25-9bdd-c2055e9569a4
2026-04-12 09:46:17.976  INFO [o.springframework.ai.vectorstore.SimpleVectorStore] Calling EmbeddingModel for document id = f07c9479-8495-44b3-8238-731dfd01e819
2026-04-12 09:46:17.976  INFO [o.springframework.ai.vectorstore.SimpleVectorStore] Calling EmbeddingModel for document id = 24af1a32-267d-4517-89f5-636d74486a98
2026-04-12 09:46:17.976  INFO [o.springframework.ai.vectorstore.SimpleVectorStore] Calling EmbeddingModel for document id = 4aba03cf-9347-4279-8ae3-06d1522a3aed
2026-04-12 09:46:17.976  INFO [o.springframework.ai.vectorstore.SimpleVectorStore] Calling EmbeddingModel for document id = e9740900-64e4-4774-b324-4c3c61f50062
2026-04-12 09:46:17.976  INFO [c.e.rag_spring_ai.vectorstore.VectorStoreService] [←VectorDB] Stored 6 documents | elapsed=1ms
2026-04-12 09:46:17.976  INFO [c.e.rag_spring_ai.vectorstore.VectorStoreService] [→VectorDB] Similarity search | query='Java programming language' | topK=3
2026-04-12 09:46:17.977  INFO [c.e.rag_spring_ai.vectorstore.VectorStoreService] [←VectorDB] Search complete | results=3 | elapsed=1ms
2026-04-12 09:46:18.042  INFO [c.e.rag_spring_ai.vectorstore.VectorStoreService] [→Ollama]   Embedding request | model=nomic-embed-text | text='Hello world'
2026-04-12 09:46:18.043  INFO [c.e.rag_spring_ai.vectorstore.VectorStoreService] [←Ollama]   Embedding received | dimensions=768 | elapsed=0ms
2026-04-12 09:46:18.104  INFO [c.e.rag_spring_ai.vectorstore.VectorStoreService] [→VectorDB] Adding 6 sample documents | topics=java,python,spring-boot,docker,kubernetes,ml
2026-04-12 09:46:18.104  INFO [o.springframework.ai.vectorstore.SimpleVectorStore] Calling EmbeddingModel for document id = 4585bd83-7ab9-49d0-b29b-f2f34320d6b3
2026-04-12 09:46:18.104  INFO [o.springframework.ai.vectorstore.SimpleVectorStore] Calling EmbeddingModel for document id = 9606d154-a401-4dca-97ce-6d4c1d9146ed
2026-04-12 09:46:18.104  INFO [o.springframework.ai.vectorstore.SimpleVectorStore] Calling EmbeddingModel for document id = 830c5ac7-a4f7-4435-972c-0601caabc2dc
2026-04-12 09:46:18.104  INFO [o.springframework.ai.vectorstore.SimpleVectorStore] Calling EmbeddingModel for document id = f9aadabe-5690-4654-afbd-44a5902c0e08
2026-04-12 09:46:18.104  INFO [o.springframework.ai.vectorstore.SimpleVectorStore] Calling EmbeddingModel for document id = 2e741fec-bc8c-4512-9571-66ed9b11ec12
2026-04-12 09:46:18.104  INFO [o.springframework.ai.vectorstore.SimpleVectorStore] Calling EmbeddingModel for document id = 15a86cb4-776c-42a4-88cf-a5470bc08074
2026-04-12 09:46:18.104  INFO [c.e.rag_spring_ai.vectorstore.VectorStoreService] [←VectorDB] Stored 6 documents | elapsed=0ms
2026-04-12 09:46:18.170  INFO [c.e.rag_spring_ai.vectorstore.VectorStoreService] [→VectorDB] Adding 6 sample documents | topics=java,python,spring-boot,docker,kubernetes,ml
2026-04-12 09:46:18.170  INFO [o.springframework.ai.vectorstore.SimpleVectorStore] Calling EmbeddingModel for document id = 29a28919-eba7-4f96-830a-9f976d447660
2026-04-12 09:46:18.170  INFO [o.springframework.ai.vectorstore.SimpleVectorStore] Calling EmbeddingModel for document id = 7283e724-2509-4f53-ab9f-06e10034150b
2026-04-12 09:46:18.170  INFO [o.springframework.ai.vectorstore.SimpleVectorStore] Calling EmbeddingModel for document id = 6ed97e7c-3eff-49bd-8ac1-8f710ec322a3
2026-04-12 09:46:18.171  INFO [o.springframework.ai.vectorstore.SimpleVectorStore] Calling EmbeddingModel for document id = 12fe03e9-36f4-40cc-a985-917090b5ee88
2026-04-12 09:46:18.171  INFO [o.springframework.ai.vectorstore.SimpleVectorStore] Calling EmbeddingModel for document id = 853ad344-2131-4d71-8b06-f11795ba0c7a
2026-04-12 09:46:18.171  INFO [o.springframework.ai.vectorstore.SimpleVectorStore] Calling EmbeddingModel for document id = 70e2b8f3-dcb2-46d9-9cd4-c5f51ba72950
2026-04-12 09:46:18.171  INFO [c.e.rag_spring_ai.vectorstore.VectorStoreService] [←VectorDB] Stored 6 documents | elapsed=1ms
2026-04-12 09:46:18.171  INFO [c.e.rag_spring_ai.vectorstore.VectorStoreService] [→VectorDB] Similarity search | query='Spring Boot' | topK=2
2026-04-12 09:46:18.171  INFO [c.e.rag_spring_ai.vectorstore.VectorStoreService] [←VectorDB] Search complete | results=2 | elapsed=0ms
2026-04-12 09:46:18.225  INFO [c.e.r.vectorstore.VectorStoreControllerTest] Starting VectorStoreControllerTest using Java 25.0.2 with PID 6795 (started by gustavo.dunhao in /Users/gustavo.dunhao/.projects/rag-spring-ai)
2026-04-12 09:46:18.226 DEBUG [c.e.r.vectorstore.VectorStoreControllerTest] Running with Spring Boot v3.5.13, Spring v6.2.17
2026-04-12 09:46:18.226  INFO [c.e.r.vectorstore.VectorStoreControllerTest] The following 1 profile is active: "test"
2026-04-12 09:46:18.382  INFO [c.e.r.vectorstore.VectorStoreControllerTest] Started VectorStoreControllerTest in 0.181 seconds (process running for 14.879)
2026-04-12 09:46:18.387  INFO [c.example.rag_spring_ai.config.LoggingInterceptor] [HTTP→] GET /api/vectorstore/search?query=Java
2026-04-12 09:46:18.393  INFO [c.example.rag_spring_ai.config.LoggingInterceptor] [HTTP←] GET /api/vectorstore/search | status=200 | elapsed=6ms
2026-04-12 09:46:18.397  INFO [c.example.rag_spring_ai.config.LoggingInterceptor] [HTTP→] POST /api/vectorstore/add-samples
2026-04-12 09:46:18.399  INFO [c.example.rag_spring_ai.config.LoggingInterceptor] [HTTP←] POST /api/vectorstore/add-samples | status=200 | elapsed=2ms
2026-04-12 09:46:18.402  INFO [c.example.rag_spring_ai.config.LoggingInterceptor] [HTTP→] GET /api/vectorstore/embedding-info
2026-04-12 09:46:18.403  INFO [c.example.rag_spring_ai.config.LoggingInterceptor] [HTTP←] GET /api/vectorstore/embedding-info | status=200 | elapsed=1ms
2026-04-12 09:46:18.407  INFO [c.example.rag_spring_ai.config.LoggingInterceptor] [HTTP→] GET /api/vectorstore/search?query=Python&topK=5
2026-04-12 09:46:18.410  INFO [c.example.rag_spring_ai.config.LoggingInterceptor] [HTTP←] GET /api/vectorstore/search | status=200 | elapsed=3ms
2026-04-12 09:46:18.415  INFO [c.example.rag_spring_ai.config.LoggingInterceptor] [HTTP→] GET /api/vectorstore/search-threshold?query=Spring
2026-04-12 09:46:18.418  INFO [c.example.rag_spring_ai.config.LoggingInterceptor] [HTTP←] GET /api/vectorstore/search-threshold | status=200 | elapsed=3ms
